country,timestamp_utc,date,volume_article_count,avg_tone
Turkey,2026-09-14T11:00:00+00:00,2026-09-14,6,-1.5936
Ukraine,2026-09-14T11:00:00+00:00,2026-09-14,37,-3.1226
Lebanon,2026-09-14T11:00:00+00:00,2026-09-14,11,-1.9331
Israel,2026-09-14T11:00:00+00:00,2026-09-14,30,-1.2425
Egypt,2026-09-14T11:00:00+00:00,2026-09-14,14,0.123
Sudan,2026-09-14T11:00:00+00:00,2026-09-14,2,3.7996
Haiti,2026-09-14T11:00:00+00:00,2026-09-14,1,-0.5599
Thailand,2026-09-14T11:00:00+00:00,2026-09-14,11,-0.1559
Turkey,2026-09-14T10:00:00+00:00,2026-09-14,14,-2.3373
Ukraine,2026-09-14T10:00:00+00:00,2026-09-14,109,-1.9165
Lebanon,2026-09-14T10:00:00+00:00,2026-09-14,17,-3.0374
Israel,2026-09-14T10:00:00+00:00,2026-09-14,53,-3.234
Egypt,2026-09-14T10:00:00+00:00,2026-09-14,17,-0.1697
Sudan,2026-09-14T10:00:00+00:00,2026-09-14,8,-2.7085
Haiti,2026-09-14T10:00:00+00:00,2026-09-14,0,
Thailand,2026-09-14T10:00:00+00:00,2026-09-14,12,0.0119
Turkey,2026-09-14T09:00:00+00:00,2026-09-14,17,0.3604
Ukraine,2026-09-14T09:00:00+00:00,2026-09-14,36,-1.2255
Lebanon,2026-09-14T09:00:00+00:00,2026-09-14,5,-4.0135
Israel,2026-09-14T09:00:00+00:00,2026-09-14,28,-2.8643
Egypt,2026-09-14T09:00:00+00:00,2026-09-14,16,-0.8124
Sudan,2026-09-14T09:00:00+00:00,2026-09-14,2,2.0614
Haiti,2026-09-14T09:00:00+00:00,2026-09-14,2,2.4971
Thailand,2026-09-14T09:00:00+00:00,2026-09-14,18,-1.2622
Turkey,2026-09-14T08:00:00+00:00,2026-09-14,14,0.8337
Ukraine,2026-09-14T08:00:00+00:00,2026-09-14,30,-0.2787
Lebanon,2026-09-14T08:00:00+00:00,2026-09-14,4,-0.286
Israel,2026-09-14T08:00:00+00:00,2026-09-14,20,-2.557
Egypt,2026-09-14T08:00:00+00:00,2026-09-14,8,-2.774
Sudan,2026-09-14T08:00:00+00:00,2026-09-14,0,
Haiti,2026-09-14T08:00:00+00:00,2026-09-14,0,
Thailand,2026-09-14T08:00:00+00:00,2026-09-14,6,-0.2905
Turkey,2026-09-14T07:00:00+00:00,2026-09-14,14,0.7498
Ukraine,2026-09-14T07:00:00+00:00,2026-09-14,33,-1.5273
Lebanon,2026-09-14T07:00:00+00:00,2026-09-14,2,-1.6516
Israel,2026-09-14T07:00:00+00:00,2026-09-14,17,-2.0675
Egypt,2026-09-14T07:00:00+00:00,2026-09-14,3,-1.0405
Sudan,2026-09-14T07:00:00+00:00,2026-09-14,0,
Haiti,2026-09-14T07:00:00+00:00,2026-09-14,0,
Thailand,2026-09-14T07:00:00+00:00,2026-09-14,7,2.5909
Turkey,2026-09-14T06:00:00+00:00,2026-09-14,10,-1.2937
Ukraine,2026-09-14T06:00:00+00:00,2026-09-14,26,-2.7238
Lebanon,2026-09-14T06:00:00+00:00,2026-09-14,1,-2.2587
Israel,2026-09-14T06:00:00+00:00,2026-09-14,7,-2.2267
Egypt,2026-09-14T06:00:00+00:00,2026-09-14,10,-1.6379
Sudan,2026-09-14T06:00:00+00:00,2026-09-14,1,-2.2587
Haiti,2026-09-14T06:00:00+00:00,2026-09-14,2,-1.6924
Thailand,2026-09-14T06:00:00+00:00,2026-09-14,1,4.8847
Turkey,2026-09-14T05:00:00+00:00,2026-09-14,7,-3.3445
Ukraine,2026-09-14T05:00:00+00:00,2026-09-14,20,-3.258
Lebanon,2026-09-14T05:00:00+00:00,2026-09-14,2,-1.466
Israel,2026-09-14T05:00:00+00:00,2026-09-14,15,-2.3402
Egypt,2026-09-14T05:00:00+00:00,2026-09-14,8,-4.3706
Sudan,2026-09-14T05:00:00+00:00,2026-09-14,1,-4.6329
Haiti,2026-09-14T05:00:00+00:00,2026-09-14,0,
Thailand,2026-09-14T05:00:00+00:00,2026-09-14,7,2.1506
Turkey,2026-09-14T04:00:00+00:00,2026-09-14,3,-1.5052
Ukraine,2026-09-14T04:00:00+00:00,2026-09-14,17,-2.7039
Lebanon,2026-09-14T04:00:00+00:00,2026-09-14,7,-0.6353
Israel,2026-09-14T04:00:00+00:00,2026-09-14,25,-2.2835
Egypt,2026-09-14T04:00:00+00:00,2026-09-14,15,-2.643
Sudan,2026-09-14T04:00:00+00:00,2026-09-14,0,
Haiti,2026-09-14T04:00:00+00:00,2026-09-14,0,
Thailand,2026-09-14T04:00:00+00:00,2026-09-14,24,-0.0346
Turkey,2026-09-14T03:00:00+00:00,2026-09-14,2,2.1736
Ukraine,2026-09-14T03:00:00+00:00,2026-09-14,16,-3.2326
Lebanon,2026-09-14T03:00:00+00:00,2026-09-14,0,
Israel,2026-09-14T03:00:00+00:00,2026-09-14,2,-3.8322
Egypt,2026-09-14T03:00:00+00:00,2026-09-14,11,0.4631
Sudan,2026-09-14T03:00:00+00:00,2026-09-14,1,-4.6329
Haiti,2026-09-14T03:00:00+00:00,2026-09-14,0,
Thailand,2026-09-14T03:00:00+00:00,2026-09-14,12,0.7532
Turkey,2026-09-14T02:00:00+00:00,2026-09-14,0,
Ukraine,2026-09-14T02:00:00+00:00,2026-09-14,9,-1.3061
Lebanon,2026-09-14T02:00:00+00:00,2026-09-14,1,-0.9079
Israel,2026-09-14T02:00:00+00:00,2026-09-14,12,-3.4107
Egypt,2026-09-14T02:00:00+00:00,2026-09-14,2,-1.9057
Sudan,2026-09-14T02:00:00+00:00,2026-09-14,1,-5.4113
Haiti,2026-09-14T02:00:00+00:00,2026-09-14,1,2.6495
Thailand,2026-09-14T02:00:00+00:00,2026-09-14,20,-0.793
Turkey,2026-09-14T01:00:00+00:00,2026-09-14,3,-5.036
Ukraine,2026-09-14T01:00:00+00:00,2026-09-14,7,-2.2428
Lebanon,2026-09-14T01:00:00+00:00,2026-09-14,0,
Israel,2026-09-14T01:00:00+00:00,2026-09-14,7,-2.8464
Egypt,2026-09-14T01:00:00+00:00,2026-09-14,3,1.3078
Sudan,2026-09-14T01:00:00+00:00,2026-09-14,0,
Haiti,2026-09-14T01:00:00+00:00,2026-09-14,1,-2.7335
Thailand,2026-09-14T01:00:00+00:00,2026-09-14,14,-1.4765
Turkey,2026-09-14T00:00:00+00:00,2026-09-14,1,3.4965
Ukraine,2026-09-14T00:00:00+00:00,2026-09-14,12,-2.6064
Lebanon,2026-09-14T00:00:00+00:00,2026-09-14,0,
Israel,2026-09-14T00:00:00+00:00,2026-09-14,12,-4.1426
Egypt,2026-09-14T00:00:00+00:00,2026-09-14,10,-0.5961
Sudan,2026-09-14T00:00:00+00:00,2026-09-14,0,
Haiti,2026-09-14T00:00:00+00:00,2026-09-14,0,
Thailand,2026-09-14T00:00:00+00:00,2026-09-14,11,-1.3118
Turkey,2026-09-13T23:00:00+00:00,2026-09-13,2,0.3672
Ukraine,2026-09-13T23:00:00+00:00,2026-09-13,6,-2.0065
Lebanon,2026-09-13T23:00:00+00:00,2026-09-13,1,-0.9624
Israel,2026-09-13T23:00:00+00:00,2026-09-13,10,-1.626
Egypt,2026-09-13T23:00:00+00:00,2026-09-13,3,-1.1099
Sudan,2026-09-13T23:00:00+00:00,2026-09-13,0,
Haiti,2026-09-13T23:00:00+00:00,2026-09-13,0,
Thailand,2026-09-13T23:00:00+00:00,2026-09-13,3,-0.1683
Turkey,2026-09-13T22:00:00+00:00,2026-09-13,1,0.9143
Ukraine,2026-09-13T22:00:00+00:00,2026-09-13,14,-3.4517
Lebanon,2026-09-13T22:00:00+00:00,2026-09-13,0,
Israel,2026-09-13T22:00:00+00:00,2026-09-13,15,0.8579
Egypt,2026-09-13T22:00:00+00:00,2026-09-13,5,-1.3433
Sudan,2026-09-13T22:00:00+00:00,2026-09-13,1,-3.4574
Haiti,2026-09-13T22:00:00+00:00,2026-09-13,0,
Thailand,2026-09-13T22:00:00+00:00,2026-09-13,6,1.7481
Turkey,2026-09-13T21:00:00+00:00,2026-09-13,1,-6.3788
Ukraine,2026-09-13T21:00:00+00:00,2026-09-13,18,-2.6293
Lebanon,2026-09-13T21:00:00+00:00,2026-09-13,1,1.0204
Israel,2026-09-13T21:00:00+00:00,2026-09-13,28,-1.3011
Egypt,2026-09-13T21:00:00+00:00,2026-09-13,7,-1.5961
Sudan,2026-09-13T21:00:00+00:00,2026-09-13,2,0.5353
Haiti,2026-09-13T21:00:00+00:00,2026-09-13,0,
Thailand,2026-09-13T21:00:00+00:00,2026-09-13,4,-0.108
Turkey,2026-09-13T20:00:00+00:00,2026-09-13,5,-3.3516
Ukraine,2026-09-13T20:00:00+00:00,2026-09-13,31,-3.9528
Lebanon,2026-09-13T20:00:00+00:00,2026-09-13,0,
Israel,2026-09-13T20:00:00+00:00,2026-09-13,15,-0.1917
Egypt,2026-09-13T20:00:00+00:00,2026-09-13,7,-1.9532
Sudan,2026-09-13T20:00:00+00:00,2026-09-13,2,-0.0287
Haiti,2026-09-13T20:00:00+00:00,2026-09-13,1,-2.6849
Thailand,2026-09-13T20:00:00+00:00,2026-09-13,3,0.219
Turkey,2026-09-13T19:00:00+00:00,2026-09-13,14,-2.3977
Ukraine,2026-09-13T19:00:00+00:00,2026-09-13,35,-3.3814
Lebanon,2026-09-13T19:00:00+00:00,2026-09-13,2,1.575
Israel,2026-09-13T19:00:00+00:00,2026-09-13,34,-0.0046
Egypt,2026-09-13T19:00:00+00:00,2026-09-13,6,-0.4945
Sudan,2026-09-13T19:00:00+00:00,2026-09-13,2,-1.979
Haiti,2026-09-13T19:00:00+00:00,2026-09-13,0,
Thailand,2026-09-13T19:00:00+00:00,2026-09-13,3,1.634
Turkey,2026-09-13T18:00:00+00:00,2026-09-13,12,-1.8138
Ukraine,2026-09-13T18:00:00+00:00,2026-09-13,30,-3.6471
Lebanon,2026-09-13T18:00:00+00:00,2026-09-13,2,-6.9461
Israel,2026-09-13T18:00:00+00:00,2026-09-13,26,-0.4745
Egypt,2026-09-13T18:00:00+00:00,2026-09-13,9,-0.5322
Sudan,2026-09-13T18:00:00+00:00,2026-09-13,3,-0.585
Haiti,2026-09-13T18:00:00+00:00,2026-09-13,0,
Thailand,2026-09-13T18:00:00+00:00,2026-09-13,7,-0.0404
Turkey,2026-09-13T17:00:00+00:00,2026-09-13,7,-0.3813
Ukraine,2026-09-13T17:00:00+00:00,2026-09-13,22,-4.3569
Lebanon,2026-09-13T17:00:00+00:00,2026-09-13,0,
Israel,2026-09-13T17:00:00+00:00,2026-09-13,14,-0.0518
Egypt,2026-09-13T17:00:00+00:00,2026-09-13,5,-2.5333
Sudan,2026-09-13T17:00:00+00:00,2026-09-13,0,
Haiti,2026-09-13T17:00:00+00:00,2026-09-13,1,-2.9867
Thailand,2026-09-13T17:00:00+00:00,2026-09-13,9,0.1324
Turkey,2026-09-13T16:00:00+00:00,2026-09-13,12,-1.7204
Ukraine,2026-09-13T16:00:00+00:00,2026-09-13,35,-4.457
Lebanon,2026-09-13T16:00:00+00:00,2026-09-13,2,-2.752
Israel,2026-09-13T16:00:00+00:00,2026-09-13,15,-3.8414
Egypt,2026-09-13T16:00:00+00:00,2026-09-13,10,0.6718
Sudan,2026-09-13T16:00:00+00:00,2026-09-13,1,0.3294
Haiti,2026-09-13T16:00:00+00:00,2026-09-13,1,-2.7027
Thailand,2026-09-13T16:00:00+00:00,2026-09-13,6,1.5646
Turkey,2026-09-13T15:00:00+00:00,2026-09-13,14,-1.6566
Ukraine,2026-09-13T15:00:00+00:00,2026-09-13,43,-3.755
Lebanon,2026-09-13T15:00:00+00:00,2026-09-13,3,-0.194
Israel,2026-09-13T15:00:00+00:00,2026-09-13,29,-1.6566
Egypt,2026-09-13T15:00:00+00:00,2026-09-13,25,0.0021
Sudan,2026-09-13T15:00:00+00:00,2026-09-13,1,0.2398
Haiti,2026-09-13T15:00:00+00:00,2026-09-13,0,
Thailand,2026-09-13T15:00:00+00:00,2026-09-13,16,0.56
Turkey,2026-09-13T14:00:00+00:00,2026-09-13,9,-2.1847
Ukraine,2026-09-13T14:00:00+00:00,2026-09-13,22,-3.8234
Lebanon,2026-09-13T14:00:00+00:00,2026-09-13,2,-1.7641
Israel,2026-09-13T14:00:00+00:00,2026-09-13,15,-2.9096
Egypt,2026-09-13T14:00:00+00:00,2026-09-13,13,-1.7079
Sudan,2026-09-13T14:00:00+00:00,2026-09-13,3,-0.6161
Haiti,2026-09-13T14:00:00+00:00,2026-09-13,0,
Thailand,2026-09-13T14:00:00+00:00,2026-09-13,12,-0.73
Turkey,2026-09-13T13:00:00+00:00,2026-09-13,8,-2.2543
Ukraine,2026-09-13T13:00:00+00:00,2026-09-13,21,-3.9388
Lebanon,2026-09-13T13:00:00+00:00,2026-09-13,4,-1.2133
Israel,2026-09-13T13:00:00+00:00,2026-09-13,19,-2.1152
Egypt,2026-09-13T13:00:00+00:00,2026-09-13,11,-0.4966
Sudan,2026-09-13T13:00:00+00:00,2026-09-13,4,-3.0329
Haiti,2026-09-13T13:00:00+00:00,2026-09-13,0,
Thailand,2026-09-13T13:00:00+00:00,2026-09-13,15,0.4132
Turkey,2026-09-13T12:00:00+00:00,2026-09-13,9,-2.7476
Ukraine,2026-09-13T12:00:00+00:00,2026-09-13,28,-3.1613
Lebanon,2026-09-13T12:00:00+00:00,2026-09-13,5,-3.4047
Israel,2026-09-13T12:00:00+00:00,2026-09-13,24,-2.3976
Egypt,2026-09-13T12:00:00+00:00,2026-09-13,11,-2.0731
Sudan,2026-09-13T12:00:00+00:00,2026-09-13,5,-3.4984
Haiti,2026-09-13T12:00:00+00:00,2026-09-13,0,
Thailand,2026-09-13T12:00:00+00:00,2026-09-13,9,1.1277
Turkey,2026-09-13T11:00:00+00:00,2026-09-13,12,-0.1917
Ukraine,2026-09-13T11:00:00+00:00,2026-09-13,12,-0.3941
Lebanon,2026-09-13T11:00:00+00:00,2026-09-13,1,-3.748
Israel,2026-09-13T11:00:00+00:00,2026-09-13,24,-1.6981
Egypt,2026-09-13T11:00:00+00:00,2026-09-13,18,-1.4715
Sudan,2026-09-13T11:00:00+00:00,2026-09-13,4,-4.74
Haiti,2026-09-13T11:00:00+00:00,2026-09-13,1,0.6696
Thailand,2026-09-13T11:00:00+00:00,2026-09-13,7,-0.4601
Turkey,2026-09-13T10:00:00+00:00,2026-09-13,5,-3.0567
Ukraine,2026-09-13T10:00:00+00:00,2026-09-13,7,0.0343
Lebanon,2026-09-13T10:00:00+00:00,2026-09-13,5,-3.5873
Israel,2026-09-13T10:00:00+00:00,2026-09-13,53,-3.2977
Egypt,2026-09-13T10:00:00+00:00,2026-09-13,34,-1.3616
Sudan,2026-09-13T10:00:00+00:00,2026-09-13,11,-5.3431
Haiti,2026-09-13T10:00:00+00:00,2026-09-13,0,
Thailand,2026-09-13T10:00:00+00:00,2026-09-13,9,-0.3891
Turkey,2026-09-13T09:00:00+00:00,2026-09-13,4,0.2509
Ukraine,2026-09-13T09:00:00+00:00,2026-09-13,15,-2.595
Lebanon,2026-09-13T09:00:00+00:00,2026-09-13,5,-4.1141
Israel,2026-09-13T09:00:00+00:00,2026-09-13,26,-1.8304
Egypt,2026-09-13T09:00:00+00:00,2026-09-13,19,-0.5082
Sudan,2026-09-13T09:00:00+00:00,2026-09-13,4,-4.7521
Haiti,2026-09-13T09:00:00+00:00,2026-09-13,0,
Thailand,2026-09-13T09:00:00+00:00,2026-09-13,5,-0.1209
Turkey,2026-09-13T08:00:00+00:00,2026-09-13,1,-1.1765
Ukraine,2026-09-13T08:00:00+00:00,2026-09-13,19,-2.3147
Lebanon,2026-09-13T08:00:00+00:00,2026-09-13,1,5.5035
Israel,2026-09-13T08:00:00+00:00,2026-09-13,22,-0.6721
Egypt,2026-09-13T08:00:00+00:00,2026-09-13,25,0.7241
Sudan,2026-09-13T08:00:00+00:00,2026-09-13,2,-4.5104
Haiti,2026-09-13T08:00:00+00:00,2026-09-13,0,
Thailand,2026-09-13T08:00:00+00:00,2026-09-13,2,2.9564
Turkey,2026-09-13T07:00:00+00:00,2026-09-13,4,-2.6318
Ukraine,2026-09-13T07:00:00+00:00,2026-09-13,14,-1.6753
Lebanon,2026-09-13T07:00:00+00:00,2026-09-13,5,-0.0348
Israel,2026-09-13T07:00:00+00:00,2026-09-13,31,-1.701
Egypt,2026-09-13T07:00:00+00:00,2026-09-13,21,0.0411
Sudan,2026-09-13T07:00:00+00:00,2026-09-13,1,-3.9286
Haiti,2026-09-13T07:00:00+00:00,2026-09-13,0,
Thailand,2026-09-13T07:00:00+00:00,2026-09-13,11,-1.6417
Turkey,2026-09-13T06:00:00+00:00,2026-09-13,3,0.33
Ukraine,2026-09-13T06:00:00+00:00,2026-09-13,4,-4.6145
Lebanon,2026-09-13T06:00:00+00:00,2026-09-13,5,3.0035
Israel,2026-09-13T06:00:00+00:00,2026-09-13,16,-1.494
Egypt,2026-09-13T06:00:00+00:00,2026-09-13,6,1.4672
Sudan,2026-09-13T06:00:00+00:00,2026-09-13,0,
Haiti,2026-09-13T06:00:00+00:00,2026-09-13,0,
Thailand,2026-09-13T06:00:00+00:00,2026-09-13,3,1.2434
Turkey,2026-09-13T05:00:00+00:00,2026-09-13,4,-3.3009
Ukraine,2026-09-13T05:00:00+00:00,2026-09-13,8,-2.829
Lebanon,2026-09-13T05:00:00+00:00,2026-09-13,1,-0.3906
Israel,2026-09-13T05:00:00+00:00,2026-09-13,10,-1.3492
Egypt,2026-09-13T05:00:00+00:00,2026-09-13,5,1.7111
Sudan,2026-09-13T05:00:00+00:00,2026-09-13,0,
Haiti,2026-09-13T05:00:00+00:00,2026-09-13,0,
Thailand,2026-09-13T05:00:00+00:00,2026-09-13,8,-0.2177
Turkey,2026-09-13T04:00:00+00:00,2026-09-13,1,3.5494
Ukraine,2026-09-13T04:00:00+00:00,2026-09-13,2,-2.099
Lebanon,2026-09-13T04:00:00+00:00,2026-09-13,3,-1.1916
Israel,2026-09-13T04:00:00+00:00,2026-09-13,10,-2.9592
Egypt,2026-09-13T04:00:00+00:00,2026-09-13,4,1.3902
Sudan,2026-09-13T04:00:00+00:00,2026-09-13,1,-5.5142
Haiti,2026-09-13T04:00:00+00:00,2026-09-13,0,
Thailand,2026-09-13T04:00:00+00:00,2026-09-13,2,2.3089
Turkey,2026-09-13T03:00:00+00:00,2026-09-13,2,2.7111
Ukraine,2026-09-13T03:00:00+00:00,2026-09-13,5,-3.2838
Lebanon,2026-09-13T03:00:00+00:00,2026-09-13,1,-2.7624
Israel,2026-09-13T03:00:00+00:00,2026-09-13,12,-1.7881
Egypt,2026-09-13T03:00:00+00:00,2026-09-13,7,0.0055
Sudan,2026-09-13T03:00:00+00:00,2026-09-13,0,
Haiti,2026-09-13T03:00:00+00:00,2026-09-13,0,
Thailand,2026-09-13T03:00:00+00:00,2026-09-13,2,-0.4273
Turkey,2026-09-13T02:00:00+00:00,2026-09-13,2,-0.8543
Ukraine,2026-09-13T02:00:00+00:00,2026-09-13,8,-3.9096
Lebanon,2026-09-13T02:00:00+00:00,2026-09-13,2,-5.0336
Israel,2026-09-13T02:00:00+00:00,2026-09-13,13,-2.4286
Egypt,2026-09-13T02:00:00+00:00,2026-09-13,8,0.8909
Sudan,2026-09-13T02:00:00+00:00,2026-09-13,0,
Haiti,2026-09-13T02:00:00+00:00,2026-09-13,0,
Thailand,2026-09-13T02:00:00+00:00,2026-09-13,5,4.2402
Turkey,2026-09-13T01:00:00+00:00,2026-09-13,3,-0.8971
Ukraine,2026-09-13T01:00:00+00:00,2026-09-13,11,0.4913
Lebanon,2026-09-13T01:00:00+00:00,2026-09-13,2,-0.2788
Israel,2026-09-13T01:00:00+00:00,2026-09-13,23,-2.326
Egypt,2026-09-13T01:00:00+00:00,2026-09-13,3,3.9913
Sudan,2026-09-13T01:00:00+00:00,2026-09-13,1,-2.2222
Haiti,2026-09-13T01:00:00+00:00,2026-09-13,0,
Thailand,2026-09-13T01:00:00+00:00,2026-09-13,1,3.4483
Turkey,2026-09-13T00:00:00+00:00,2026-09-13,4,-1.1172
Ukraine,2026-09-13T00:00:00+00:00,2026-09-13,16,2.0363
Lebanon,2026-09-13T00:00:00+00:00,2026-09-13,1,4.7619
Israel,2026-09-13T00:00:00+00:00,2026-09-13,32,-0.5149
Egypt,2026-09-13T00:00:00+00:00,2026-09-13,10,-2.0414
Sudan,2026-09-13T00:00:00+00:00,2026-09-13,0,
Haiti,2026-09-13T00:00:00+00:00,2026-09-13,0,
Thailand,2026-09-13T00:00:00+00:00,2026-09-13,2,1.8712
Turkey,2026-09-12T23:00:00+00:00,2026-09-12,0,
Ukraine,2026-09-12T23:00:00+00:00,2026-09-12,15,2.3513
Lebanon,2026-09-12T23:00:00+00:00,2026-09-12,1,-3.4527
Israel,2026-09-12T23:00:00+00:00,2026-09-12,23,1.0281
Egypt,2026-09-12T23:00:00+00:00,2026-09-12,16,1.3062
Sudan,2026-09-12T23:00:00+00:00,2026-09-12,1,2.8721
Haiti,2026-09-12T23:00:00+00:00,2026-09-12,0,
Thailand,2026-09-12T23:00:00+00:00,2026-09-12,7,4.6502
Turkey,2026-09-12T22:00:00+00:00,2026-09-12,2,-1.1196
Ukraine,2026-09-12T22:00:00+00:00,2026-09-12,26,1.3708
Lebanon,2026-09-12T22:00:00+00:00,2026-09-12,0,
Israel,2026-09-12T22:00:00+00:00,2026-09-12,27,1.1024
Egypt,2026-09-12T22:00:00+00:00,2026-09-12,12,1.3562
Sudan,2026-09-12T22:00:00+00:00,2026-09-12,1,-0.5435
Haiti,2026-09-12T22:00:00+00:00,2026-09-12,0,
Thailand,2026-09-12T22:00:00+00:00,2026-09-12,5,-1.5859
Turkey,2026-09-12T21:00:00+00:00,2026-09-12,1,-1.9815
Ukraine,2026-09-12T21:00:00+00:00,2026-09-12,25,0.5856
Lebanon,2026-09-12T21:00:00+00:00,2026-09-12,1,-7.5094
Israel,2026-09-12T21:00:00+00:00,2026-09-12,28,0.4748
Egypt,2026-09-12T21:00:00+00:00,2026-09-12,9,-0.1579
Sudan,2026-09-12T21:00:00+00:00,2026-09-12,0,
Haiti,2026-09-12T21:00:00+00:00,2026-09-12,0,
Thailand,2026-09-12T21:00:00+00:00,2026-09-12,2,2.9795
Turkey,2026-09-12T20:00:00+00:00,2026-09-12,1,0.0
Ukraine,2026-09-12T20:00:00+00:00,2026-09-12,25,1.2007
Lebanon,2026-09-12T20:00:00+00:00,2026-09-12,1,-2.7486
Israel,2026-09-12T20:00:00+00:00,2026-09-12,43,-0.1832
Egypt,2026-09-12T20:00:00+00:00,2026-09-12,7,-1.3802
Sudan,2026-09-12T20:00:00+00:00,2026-09-12,1,-5.8059
Haiti,2026-09-12T20:00:00+00:00,2026-09-12,1,-0.7955
Thailand,2026-09-12T20:00:00+00:00,2026-09-12,2,1.2639
Turkey,2026-09-12T19:00:00+00:00,2026-09-12,10,-3.2386
Ukraine,2026-09-12T19:00:00+00:00,2026-09-12,29,-4.0246
Lebanon,2026-09-12T19:00:00+00:00,2026-09-12,9,-3.3983
Israel,2026-09-12T19:00:00+00:00,2026-09-12,45,-2.6926
Egypt,2026-09-12T19:00:00+00:00,2026-09-12,24,0.3562
Sudan,2026-09-12T19:00:00+00:00,2026-09-12,3,-0.2688
Haiti,2026-09-12T19:00:00+00:00,2026-09-12,0,
Thailand,2026-09-12T19:00:00+00:00,2026-09-12,8,1.9968
Turkey,2026-09-12T18:00:00+00:00,2026-09-12,3,-2.1985
Ukraine,2026-09-12T18:00:00+00:00,2026-09-12,26,-2.5854
Lebanon,2026-09-12T18:00:00+00:00,2026-09-12,0,
Israel,2026-09-12T18:00:00+00:00,2026-09-12,21,-0.9407
Egypt,2026-09-12T18:00:00+00:00,2026-09-12,27,1.5393
Sudan,2026-09-12T18:00:00+00:00,2026-09-12,2,-3.3736
Haiti,2026-09-12T18:00:00+00:00,2026-09-12,1,5.2459
Thailand,2026-09-12T18:00:00+00:00,2026-09-12,6,2.4182
Turkey,2026-09-12T17:00:00+00:00,2026-09-12,5,-0.5369
Ukraine,2026-09-12T17:00:00+00:00,2026-09-12,18,-3.2797
Lebanon,2026-09-12T17:00:00+00:00,2026-09-12,2,1.9435
Israel,2026-09-12T17:00:00+00:00,2026-09-12,26,-2.8524
Egypt,2026-09-12T17:00:00+00:00,2026-09-12,18,0.0787
Sudan,2026-09-12T17:00:00+00:00,2026-09-12,2,-0.0287
Haiti,2026-09-12T17:00:00+00:00,2026-09-12,1,-1.4851
Thailand,2026-09-12T17:00:00+00:00,2026-09-12,10,2.8343
Turkey,2026-09-12T16:00:00+00:00,2026-09-12,1,-5.1458
Ukraine,2026-09-12T16:00:00+00:00,2026-09-12,27,-3.0466
Lebanon,2026-09-12T16:00:00+00:00,2026-09-12,2,-4.5705
Israel,2026-09-12T16:00:00+00:00,2026-09-12,33,-2.1497
Egypt,2026-09-12T16:00:00+00:00,2026-09-12,49,1.7232
Sudan,2026-09-12T16:00:00+00:00,2026-09-12,5,-2.4423
Haiti,2026-09-12T16:00:00+00:00,2026-09-12,1,-1.4851
Thailand,2026-09-12T16:00:00+00:00,2026-09-12,16,1.9831
Turkey,2026-09-12T15:00:00+00:00,2026-09-12,3,-0.6015
Ukraine,2026-09-12T15:00:00+00:00,2026-09-12,14,-3.4907
Lebanon,2026-09-12T15:00:00+00:00,2026-09-12,5,-3.1377
Israel,2026-09-12T15:00:00+00:00,2026-09-12,17,-3.6618
Egypt,2026-09-12T15:00:00+00:00,2026-09-12,24,2.0954
Sudan,2026-09-12T15:00:00+00:00,2026-09-12,1,5.2885
Haiti,2026-09-12T15:00:00+00:00,2026-09-12,3,-2.8306
Thailand,2026-09-12T15:00:00+00:00,2026-09-12,10,2.7297
Turkey,2026-09-12T14:00:00+00:00,2026-09-12,3,-2.4242
Ukraine,2026-09-12T14:00:00+00:00,2026-09-12,12,-3.0818
Lebanon,2026-09-12T14:00:00+00:00,2026-09-12,6,-2.6195
Israel,2026-09-12T14:00:00+00:00,2026-09-12,45,-1.2499
Egypt,2026-09-12T14:00:00+00:00,2026-09-12,21,1.0508
Sudan,2026-09-12T14:00:00+00:00,2026-09-12,0,
Haiti,2026-09-12T14:00:00+00:00,2026-09-12,3,-1.3544
Thailand,2026-09-12T14:00:00+00:00,2026-09-12,17,2.5147
Turkey,2026-09-12T13:00:00+00:00,2026-09-12,4,-1.2071
Ukraine,2026-09-12T13:00:00+00:00,2026-09-12,15,-2.1983
Lebanon,2026-09-12T13:00:00+00:00,2026-09-12,4,-1.6302
Israel,2026-09-12T13:00:00+00:00,2026-09-12,52,-1.9183
Egypt,2026-09-12T13:00:00+00:00,2026-09-12,39,0.976
Sudan,2026-09-12T13:00:00+00:00,2026-09-12,1,5.2885
Haiti,2026-09-12T13:00:00+00:00,2026-09-12,2,-1.4851
Thailand,2026-09-12T13:00:00+00:00,2026-09-12,22,2.3502
Turkey,2026-09-12T12:00:00+00:00,2026-09-12,3,1.7887
Ukraine,2026-09-12T12:00:00+00:00,2026-09-12,24,-4.3975
Lebanon,2026-09-12T12:00:00+00:00,2026-09-12,6,-2.858
Israel,2026-09-12T12:00:00+00:00,2026-09-12,31,-3.5078
Egypt,2026-09-12T12:00:00+00:00,2026-09-12,14,-2.0752
Sudan,2026-09-12T12:00:00+00:00,2026-09-12,1,-4.0021
Haiti,2026-09-12T12:00:00+00:00,2026-09-12,2,-2.893
Thailand,2026-09-12T12:00:00+00:00,2026-09-12,3,2.3714
Turkey,2026-09-12T11:00:00+00:00,2026-09-12,1,5.7303
Ukraine,2026-09-12T11:00:00+00:00,2026-09-12,22,-3.7837
Lebanon,2026-09-12T11:00:00+00:00,2026-09-12,7,-2.0505
Israel,2026-09-12T11:00:00+00:00,2026-09-12,34,-3.147
Egypt,2026-09-12T11:00:00+00:00,2026-09-12,27,0.6711
Sudan,2026-09-12T11:00:00+00:00,2026-09-12,1,-4.8387
Haiti,2026-09-12T11:00:00+00:00,2026-09-12,3,-2.9014
Thailand,2026-09-12T11:00:00+00:00,2026-09-12,15,2.2065
Turkey,2026-09-12T10:00:00+00:00,2026-09-12,10,0.3017
Ukraine,2026-09-12T10:00:00+00:00,2026-09-12,32,-3.9586
Lebanon,2026-09-12T10:00:00+00:00,2026-09-12,3,-2.8201
Israel,2026-09-12T10:00:00+00:00,2026-09-12,24,-2.8876
Egypt,2026-09-12T10:00:00+00:00,2026-09-12,30,1.566
Sudan,2026-09-12T10:00:00+00:00,2026-09-12,0,
Haiti,2026-09-12T10:00:00+00:00,2026-09-12,1,-2.9014
Thailand,2026-09-12T10:00:00+00:00,2026-09-12,20,1.9337
Turkey,2026-09-12T09:00:00+00:00,2026-09-12,2,-0.2242
Ukraine,2026-09-12T09:00:00+00:00,2026-09-12,28,-2.145
Lebanon,2026-09-12T09:00:00+00:00,2026-09-12,10,-3.6991
Israel,2026-09-12T09:00:00+00:00,2026-09-12,35,-1.7804
Egypt,2026-09-12T09:00:00+00:00,2026-09-12,27,-0.4664
Sudan,2026-09-12T09:00:00+00:00,2026-09-12,1,-7.6336
Haiti,2026-09-12T09:00:00+00:00,2026-09-12,4,-1.7845
Thailand,2026-09-12T09:00:00+00:00,2026-09-12,5,1.0512
Turkey,2026-09-12T08:00:00+00:00,2026-09-12,4,2.7415
Ukraine,2026-09-12T08:00:00+00:00,2026-09-12,27,-1.9496
Lebanon,2026-09-12T08:00:00+00:00,2026-09-12,11,-3.9844
Israel,2026-09-12T08:00:00+00:00,2026-09-12,39,-1.6894
Egypt,2026-09-12T08:00:00+00:00,2026-09-12,31,-0.9011
Sudan,2026-09-12T08:00:00+00:00,2026-09-12,1,-3.9979
Haiti,2026-09-12T08:00:00+00:00,2026-09-12,1,-2.9014
Thailand,2026-09-12T08:00:00+00:00,2026-09-12,4,-0.1191
Turkey,2026-09-12T07:00:00+00:00,2026-09-12,9,1.3774
Ukraine,2026-09-12T07:00:00+00:00,2026-09-12,26,-1.7722
Lebanon,2026-09-12T07:00:00+00:00,2026-09-12,2,-4.0944
Israel,2026-09-12T07:00:00+00:00,2026-09-12,34,-1.0772
Egypt,2026-09-12T07:00:00+00:00,2026-09-12,25,-1.7012
Sudan,2026-09-12T07:00:00+00:00,2026-09-12,2,-3.0024
Haiti,2026-09-12T07:00:00+00:00,2026-09-12,2,-4.0293
Thailand,2026-09-12T07:00:00+00:00,2026-09-12,3,-1.2154
Turkey,2026-09-12T06:00:00+00:00,2026-09-12,2,0.5991
Ukraine,2026-09-12T06:00:00+00:00,2026-09-12,13,-2.0426
Lebanon,2026-09-12T06:00:00+00:00,2026-09-12,1,-5.9937
Israel,2026-09-12T06:00:00+00:00,2026-09-12,11,-2.3228
Egypt,2026-09-12T06:00:00+00:00,2026-09-12,22,-1.745
Sudan,2026-09-12T06:00:00+00:00,2026-09-12,1,-1.7857
Haiti,2026-09-12T06:00:00+00:00,2026-09-12,1,-0.1795
Thailand,2026-09-12T06:00:00+00:00,2026-09-12,4,3.4251
Turkey,2026-09-12T05:00:00+00:00,2026-09-12,3,-0.6735
Ukraine,2026-09-12T05:00:00+00:00,2026-09-12,9,-3.0097
Lebanon,2026-09-12T05:00:00+00:00,2026-09-12,5,-3.7335
Israel,2026-09-12T05:00:00+00:00,2026-09-12,15,-1.9018
Egypt,2026-09-12T05:00:00+00:00,2026-09-12,14,-2.397
Sudan,2026-09-12T05:00:00+00:00,2026-09-12,2,-0.0201
Haiti,2026-09-12T05:00:00+00:00,2026-09-12,1,0.5976
Thailand,2026-09-12T05:00:00+00:00,2026-09-12,4,3.2539
Turkey,2026-09-12T04:00:00+00:00,2026-09-12,0,
Ukraine,2026-09-12T04:00:00+00:00,2026-09-12,7,-1.6613
Lebanon,2026-09-12T04:00:00+00:00,2026-09-12,2,-1.459
Israel,2026-09-12T04:00:00+00:00,2026-09-12,15,-1.0615
Egypt,2026-09-12T04:00:00+00:00,2026-09-12,14,-1.4925
Sudan,2026-09-12T04:00:00+00:00,2026-09-12,1,-1.2678
Haiti,2026-09-12T04:00:00+00:00,2026-09-12,1,-6.077
Thailand,2026-09-12T04:00:00+00:00,2026-09-12,3,0.8505
Turkey,2026-09-12T03:00:00+00:00,2026-09-12,8,-4.9055
Ukraine,2026-09-12T03:00:00+00:00,2026-09-12,11,-4.1397
Lebanon,2026-09-12T03:00:00+00:00,2026-09-12,4,-2.4236
Israel,2026-09-12T03:00:00+00:00,2026-09-12,36,-2.8919
Egypt,2026-09-12T03:00:00+00:00,2026-09-12,17,-1.8682
Sudan,2026-09-12T03:00:00+00:00,2026-09-12,7,-6.4193
Haiti,2026-09-12T03:00:00+00:00,2026-09-12,1,4.878
Thailand,2026-09-12T03:00:00+00:00,2026-09-12,3,-2.7918
Turkey,2026-09-12T02:00:00+00:00,2026-09-12,10,-4.6443
Ukraine,2026-09-12T02:00:00+00:00,2026-09-12,8,-1.4063
Lebanon,2026-09-12T02:00:00+00:00,2026-09-12,3,-2.0796
Israel,2026-09-12T02:00:00+00:00,2026-09-12,25,-3.1576
Egypt,2026-09-12T02:00:00+00:00,2026-09-12,6,0.8242
Sudan,2026-09-12T02:00:00+00:00,2026-09-12,6,-6.706
Haiti,2026-09-12T02:00:00+00:00,2026-09-12,0,
Thailand,2026-09-12T02:00:00+00:00,2026-09-12,6,-0.8512
Turkey,2026-09-12T01:00:00+00:00,2026-09-12,10,-4.8989
Ukraine,2026-09-12T01:00:00+00:00,2026-09-12,10,-0.4559
Lebanon,2026-09-12T01:00:00+00:00,2026-09-12,2,0.8217
Israel,2026-09-12T01:00:00+00:00,2026-09-12,30,-2.1797
Egypt,2026-09-12T01:00:00+00:00,2026-09-12,9,-0.817
Sudan,2026-09-12T01:00:00+00:00,2026-09-12,7,-6.2343
Haiti,2026-09-12T01:00:00+00:00,2026-09-12,0,
Thailand,2026-09-12T01:00:00+00:00,2026-09-12,0,
Turkey,2026-09-12T00:00:00+00:00,2026-09-12,17,-5.8438
Ukraine,2026-09-12T00:00:00+00:00,2026-09-12,15,-2.5843
Lebanon,2026-09-12T00:00:00+00:00,2026-09-12,2,-0.7908
Israel,2026-09-12T00:00:00+00:00,2026-09-12,36,-3.2255
Egypt,2026-09-12T00:00:00+00:00,2026-09-12,9,-1.6512
Sudan,2026-09-12T00:00:00+00:00,2026-09-12,9,-6.0391
Haiti,2026-09-12T00:00:00+00:00,2026-09-12,0,
Thailand,2026-09-12T00:00:00+00:00,2026-09-12,6,1.7309
Turkey,2026-09-11T23:00:00+00:00,2026-09-11,24,-5.1991
Ukraine,2026-09-11T23:00:00+00:00,2026-09-11,23,-2.6917
Lebanon,2026-09-11T23:00:00+00:00,2026-09-11,13,-2.0058
Israel,2026-09-11T23:00:00+00:00,2026-09-11,47,-2.9587
Egypt,2026-09-11T23:00:00+00:00,2026-09-11,17,-1.0508
Sudan,2026-09-11T23:00:00+00:00,2026-09-11,14,-6.0789
Haiti,2026-09-11T23:00:00+00:00,2026-09-11,0,
Thailand,2026-09-11T23:00:00+00:00,2026-09-11,9,1.4834
Turkey,2026-09-11T22:00:00+00:00,2026-09-11,11,-4.492
Ukraine,2026-09-11T22:00:00+00:00,2026-09-11,16,-2.5794
Lebanon,2026-09-11T22:00:00+00:00,2026-09-11,7,-0.7211
Israel,2026-09-11T22:00:00+00:00,2026-09-11,30,-2.7809
Egypt,2026-09-11T22:00:00+00:00,2026-09-11,12,-2.3341
Sudan,2026-09-11T22:00:00+00:00,2026-09-11,2,-2.363
Haiti,2026-09-11T22:00:00+00:00,2026-09-11,0,
Thailand,2026-09-11T22:00:00+00:00,2026-09-11,2,3.5233
Turkey,2026-09-11T21:00:00+00:00,2026-09-11,15,-2.9135
Ukraine,2026-09-11T21:00:00+00:00,2026-09-11,17,-2.2937
Lebanon,2026-09-11T21:00:00+00:00,2026-09-11,17,-3.9065
Israel,2026-09-11T21:00:00+00:00,2026-09-11,43,-3.3682
Egypt,2026-09-11T21:00:00+00:00,2026-09-11,19,-2.6557
Sudan,2026-09-11T21:00:00+00:00,2026-09-11,3,-4.8829
Haiti,2026-09-11T21:00:00+00:00,2026-09-11,3,-1.0212
Thailand,2026-09-11T21:00:00+00:00,2026-09-11,1,-0.905
Turkey,2026-09-11T20:00:00+00:00,2026-09-11,8,-1.9582
Ukraine,2026-09-11T20:00:00+00:00,2026-09-11,24,-2.2413
Lebanon,2026-09-11T20:00:00+00:00,2026-09-11,12,-3.43
Israel,2026-09-11T20:00:00+00:00,2026-09-11,32,-2.8417
Egypt,2026-09-11T20:00:00+00:00,2026-09-11,21,-0.6664
Sudan,2026-09-11T20:00:00+00:00,2026-09-11,1,-6.2678
Haiti,2026-09-11T20:00:00+00:00,2026-09-11,2,-1.8895
Thailand,2026-09-11T20:00:00+00:00,2026-09-11,4,1.3551
Turkey,2026-09-11T19:00:00+00:00,2026-09-11,20,-2.3076
Ukraine,2026-09-11T19:00:00+00:00,2026-09-11,35,-3.0274
Lebanon,2026-09-11T19:00:00+00:00,2026-09-11,9,-3.4461
Israel,2026-09-11T19:00:00+00:00,2026-09-11,52,-2.4949
Egypt,2026-09-11T19:00:00+00:00,2026-09-11,45,-0.7542
Sudan,2026-09-11T19:00:00+00:00,2026-09-11,4,-5.2462
Haiti,2026-09-11T19:00:00+00:00,2026-09-11,3,-1.7241
Thailand,2026-09-11T19:00:00+00:00,2026-09-11,8,-0.1375
Turkey,2026-09-11T18:00:00+00:00,2026-09-11,5,-3.4822
Ukraine,2026-09-11T18:00:00+00:00,2026-09-11,33,-3.1121
Lebanon,2026-09-11T18:00:00+00:00,2026-09-11,7,-3.3622
Israel,2026-09-11T18:00:00+00:00,2026-09-11,44,-2.4265
Egypt,2026-09-11T18:00:00+00:00,2026-09-11,14,-1.4811
Sudan,2026-09-11T18:00:00+00:00,2026-09-11,2,-4.9382
Haiti,2026-09-11T18:00:00+00:00,2026-09-11,3,-1.2569
Thailand,2026-09-11T18:00:00+00:00,2026-09-11,5,4.0915
Turkey,2026-09-11T17:00:00+00:00,2026-09-11,8,2.1482
Ukraine,2026-09-11T17:00:00+00:00,2026-09-11,26,-2.4721
Lebanon,2026-09-11T17:00:00+00:00,2026-09-11,1,-7.5697
Israel,2026-09-11T17:00:00+00:00,2026-09-11,35,-1.5257
Egypt,2026-09-11T17:00:00+00:00,2026-09-11,22,0.5464
Sudan,2026-09-11T17:00:00+00:00,2026-09-11,3,-7.1888
Haiti,2026-09-11T17:00:00+00:00,2026-09-11,7,-2.2648
Thailand,2026-09-11T17:00:00+00:00,2026-09-11,13,-0.7046
Turkey,2026-09-11T16:00:00+00:00,2026-09-11,12,-0.6554
Ukraine,2026-09-11T16:00:00+00:00,2026-09-11,29,-2.6596
Lebanon,2026-09-11T16:00:00+00:00,2026-09-11,11,-3.5426
Israel,2026-09-11T16:00:00+00:00,2026-09-11,36,-3.4568
Egypt,2026-09-11T16:00:00+00:00,2026-09-11,16,0.8036
Sudan,2026-09-11T16:00:00+00:00,2026-09-11,5,-1.865
Haiti,2026-09-11T16:00:00+00:00,2026-09-11,0,
Thailand,2026-09-11T16:00:00+00:00,2026-09-11,15,0.1716
Turkey,2026-09-11T15:00:00+00:00,2026-09-11,13,1.1663
Ukraine,2026-09-11T15:00:00+00:00,2026-09-11,21,-1.913
Lebanon,2026-09-11T15:00:00+00:00,2026-09-11,8,-3.7515
Israel,2026-09-11T15:00:00+00:00,2026-09-11,31,-2.9789
Egypt,2026-09-11T15:00:00+00:00,2026-09-11,19,-0.7755
Sudan,2026-09-11T15:00:00+00:00,2026-09-11,1,3.0374
Haiti,2026-09-11T15:00:00+00:00,2026-09-11,2,-2.1247
Thailand,2026-09-11T15:00:00+00:00,2026-09-11,11,1.4425
Turkey,2026-09-11T14:00:00+00:00,2026-09-11,12,0.7398
Ukraine,2026-09-11T14:00:00+00:00,2026-09-11,47,-3.1403
Lebanon,2026-09-11T14:00:00+00:00,2026-09-11,17,-2.3373
Israel,2026-09-11T14:00:00+00:00,2026-09-11,44,-2.959
Egypt,2026-09-11T14:00:00+00:00,2026-09-11,22,0.5125
Sudan,2026-09-11T14:00:00+00:00,2026-09-11,3,-2.052
Haiti,2026-09-11T14:00:00+00:00,2026-09-11,0,
Thailand,2026-09-11T14:00:00+00:00,2026-09-11,8,2.4083
Turkey,2026-09-11T13:00:00+00:00,2026-09-11,9,-2.3886
Ukraine,2026-09-11T13:00:00+00:00,2026-09-11,45,-3.1257
Lebanon,2026-09-11T13:00:00+00:00,2026-09-11,9,-3.9341
Israel,2026-09-11T13:00:00+00:00,2026-09-11,33,-2.9462
Egypt,2026-09-11T13:00:00+00:00,2026-09-11,18,-0.3565
Sudan,2026-09-11T13:00:00+00:00,2026-09-11,2,-1.4009
Haiti,2026-09-11T13:00:00+00:00,2026-09-11,0,
Thailand,2026-09-11T13:00:00+00:00,2026-09-11,10,0.2745
Turkey,2026-09-11T12:00:00+00:00,2026-09-11,15,-0.2921
Ukraine,2026-09-11T12:00:00+00:00,2026-09-11,30,-2.2596
Lebanon,2026-09-11T12:00:00+00:00,2026-09-11,15,-3.7323
Israel,2026-09-11T12:00:00+00:00,2026-09-11,39,-2.8139
Egypt,2026-09-11T12:00:00+00:00,2026-09-11,39,-0.8476
Sudan,2026-09-11T12:00:00+00:00,2026-09-11,5,-1.3016
Haiti,2026-09-11T12:00:00+00:00,2026-09-11,4,-0.7752
Thailand,2026-09-11T12:00:00+00:00,2026-09-11,7,1.7587
Turkey,2026-09-11T11:00:00+00:00,2026-09-11,27,-1.2374
Ukraine,2026-09-11T11:00:00+00:00,2026-09-11,119,-1.6856
Lebanon,2026-09-11T11:00:00+00:00,2026-09-11,25,-2.2855
Israel,2026-09-11T11:00:00+00:00,2026-09-11,82,-2.7069
Egypt,2026-09-11T11:00:00+00:00,2026-09-11,33,-0.8897
Sudan,2026-09-11T11:00:00+00:00,2026-09-11,8,-3.6043
Haiti,2026-09-11T11:00:00+00:00,2026-09-11,7,-0.8844
Thailand,2026-09-11T11:00:00+00:00,2026-09-11,9,0.6621
Turkey,2026-09-11T10:00:00+00:00,2026-09-11,16,-0.3384
Ukraine,2026-09-11T10:00:00+00:00,2026-09-11,16,-2.7315
Lebanon,2026-09-11T10:00:00+00:00,2026-09-11,6,-0.0171
Israel,2026-09-11T10:00:00+00:00,2026-09-11,21,-2.6183
Egypt,2026-09-11T10:00:00+00:00,2026-09-11,27,0.0272
Sudan,2026-09-11T10:00:00+00:00,2026-09-11,0,
Haiti,2026-09-11T10:00:00+00:00,2026-09-11,2,-0.7752
Thailand,2026-09-11T10:00:00+00:00,2026-09-11,9,2.7521
Turkey,2026-09-11T09:00:00+00:00,2026-09-11,7,0.5489
Ukraine,2026-09-11T09:00:00+00:00,2026-09-11,25,-1.8845
Lebanon,2026-09-11T09:00:00+00:00,2026-09-11,1,-5.8869
Israel,2026-09-11T09:00:00+00:00,2026-09-11,37,-3.103
Egypt,2026-09-11T09:00:00+00:00,2026-09-11,17,-0.3681
Sudan,2026-09-11T09:00:00+00:00,2026-09-11,3,-0.7898
Haiti,2026-09-11T09:00:00+00:00,2026-09-11,2,-2.0193
Thailand,2026-09-11T09:00:00+00:00,2026-09-11,3,0.3157
Turkey,2026-09-11T08:00:00+00:00,2026-09-11,16,-1.8333
Ukraine,2026-09-11T08:00:00+00:00,2026-09-11,37,-2.6382
Lebanon,2026-09-11T08:00:00+00:00,2026-09-11,6,-3.0707
Israel,2026-09-11T08:00:00+00:00,2026-09-11,32,-3.7974
Egypt,2026-09-11T08:00:00+00:00,2026-09-11,30,-0.0646
Sudan,2026-09-11T08:00:00+00:00,2026-09-11,0,
Haiti,2026-09-11T08:00:00+00:00,2026-09-11,1,0.7799
Thailand,2026-09-11T08:00:00+00:00,2026-09-11,7,0.7793
Turkey,2026-09-11T07:00:00+00:00,2026-09-11,5,-0.4077
Ukraine,2026-09-11T07:00:00+00:00,2026-09-11,26,-2.1801
Lebanon,2026-09-11T07:00:00+00:00,2026-09-11,4,1.5765
Israel,2026-09-11T07:00:00+00:00,2026-09-11,27,-3.0833
Egypt,2026-09-11T07:00:00+00:00,2026-09-11,21,0.9807
Sudan,2026-09-11T07:00:00+00:00,2026-09-11,1,4.4994
Haiti,2026-09-11T07:00:00+00:00,2026-09-11,1,-5.5628
Thailand,2026-09-11T07:00:00+00:00,2026-09-11,7,1.5063
Turkey,2026-09-11T06:00:00+00:00,2026-09-11,5,-1.6621
Ukraine,2026-09-11T06:00:00+00:00,2026-09-11,14,-2.2734
Lebanon,2026-09-11T06:00:00+00:00,2026-09-11,8,-4.0058
Israel,2026-09-11T06:00:00+00:00,2026-09-11,23,-3.3197
Egypt,2026-09-11T06:00:00+00:00,2026-09-11,8,-1.2685
Sudan,2026-09-11T06:00:00+00:00,2026-09-11,2,-5.7132
Haiti,2026-09-11T06:00:00+00:00,2026-09-11,0,
Thailand,2026-09-11T06:00:00+00:00,2026-09-11,8,2.2352
Turkey,2026-09-11T05:00:00+00:00,2026-09-11,9,-0.857
Ukraine,2026-09-11T05:00:00+00:00,2026-09-11,20,-3.2111
Lebanon,2026-09-11T05:00:00+00:00,2026-09-11,8,-4.776
Israel,2026-09-11T05:00:00+00:00,2026-09-11,29,-4.1585
Egypt,2026-09-11T05:00:00+00:00,2026-09-11,15,-0.2328
Sudan,2026-09-11T05:00:00+00:00,2026-09-11,2,-3.2397
Haiti,2026-09-11T05:00:00+00:00,2026-09-11,3,-5.9923
Thailand,2026-09-11T05:00:00+00:00,2026-09-11,6,0.4361
Turkey,2026-09-11T04:00:00+00:00,2026-09-11,5,0.2811
Ukraine,2026-09-11T04:00:00+00:00,2026-09-11,19,-2.1331
Lebanon,2026-09-11T04:00:00+00:00,2026-09-11,8,-4.0712
Israel,2026-09-11T04:00:00+00:00,2026-09-11,19,-1.9958
Egypt,2026-09-11T04:00:00+00:00,2026-09-11,11,-2.2384
Sudan,2026-09-11T04:00:00+00:00,2026-09-11,4,-2.5558
Haiti,2026-09-11T04:00:00+00:00,2026-09-11,4,-4.1207
Thailand,2026-09-11T04:00:00+00:00,2026-09-11,8,2.5606
Turkey,2026-09-11T03:00:00+00:00,2026-09-11,3,-4.2705
Ukraine,2026-09-11T03:00:00+00:00,2026-09-11,15,-0.1918
Lebanon,2026-09-11T03:00:00+00:00,2026-09-11,5,-6.1675
Israel,2026-09-11T03:00:00+00:00,2026-09-11,34,-2.4561
Egypt,2026-09-11T03:00:00+00:00,2026-09-11,14,-1.4248
Sudan,2026-09-11T03:00:00+00:00,2026-09-11,0,
Haiti,2026-09-11T03:00:00+00:00,2026-09-11,2,-6.3254
Thailand,2026-09-11T03:00:00+00:00,2026-09-11,3,1.0431
Turkey,2026-09-11T02:00:00+00:00,2026-09-11,4,-1.8917
Ukraine,2026-09-11T02:00:00+00:00,2026-09-11,12,-1.5365
Lebanon,2026-09-11T02:00:00+00:00,2026-09-11,18,-4.2579
Israel,2026-09-11T02:00:00+00:00,2026-09-11,41,-3.0273
Egypt,2026-09-11T02:00:00+00:00,2026-09-11,23,-2.9361
Sudan,2026-09-11T02:00:00+00:00,2026-09-11,3,-2.2143
Haiti,2026-09-11T02:00:00+00:00,2026-09-11,3,-2.4426
Thailand,2026-09-11T02:00:00+00:00,2026-09-11,5,-0.2856
Turkey,2026-09-11T01:00:00+00:00,2026-09-11,9,-0.2112
Ukraine,2026-09-11T01:00:00+00:00,2026-09-11,8,-1.2769
Lebanon,2026-09-11T01:00:00+00:00,2026-09-11,3,0.5076
Israel,2026-09-11T01:00:00+00:00,2026-09-11,32,-0.2938
Egypt,2026-09-11T01:00:00+00:00,2026-09-11,12,0.2181
Sudan,2026-09-11T01:00:00+00:00,2026-09-11,1,0.5187
Haiti,2026-09-11T01:00:00+00:00,2026-09-11,3,-5.5378
Thailand,2026-09-11T01:00:00+00:00,2026-09-11,7,0.9797
Turkey,2026-09-11T00:00:00+00:00,2026-09-11,9,-1.7289
Ukraine,2026-09-11T00:00:00+00:00,2026-09-11,15,-1.4418
Lebanon,2026-09-11T00:00:00+00:00,2026-09-11,4,-0.8007
Israel,2026-09-11T00:00:00+00:00,2026-09-11,36,-1.1644
Egypt,2026-09-11T00:00:00+00:00,2026-09-11,17,-0.9579
Sudan,2026-09-11T00:00:00+00:00,2026-09-11,1,-0.9982
Haiti,2026-09-11T00:00:00+00:00,2026-09-11,7,-2.1303
Thailand,2026-09-11T00:00:00+00:00,2026-09-11,15,0.5961
Turkey,2026-09-10T23:00:00+00:00,2026-09-10,15,-1.5176
Ukraine,2026-09-10T23:00:00+00:00,2026-09-10,16,-1.7885
Lebanon,2026-09-10T23:00:00+00:00,2026-09-10,4,-4.4125
Israel,2026-09-10T23:00:00+00:00,2026-09-10,22,-4.2829
Egypt,2026-09-10T23:00:00+00:00,2026-09-10,16,-0.1413
Sudan,2026-09-10T23:00:00+00:00,2026-09-10,3,-2.4505
Haiti,2026-09-10T23:00:00+00:00,2026-09-10,7,-4.3804
Thailand,2026-09-10T23:00:00+00:00,2026-09-10,13,0.2246
Turkey,2026-09-10T22:00:00+00:00,2026-09-10,22,-0.8164
Ukraine,2026-09-10T22:00:00+00:00,2026-09-10,25,-2.1002
Lebanon,2026-09-10T22:00:00+00:00,2026-09-10,9,-3.3124
Israel,2026-09-10T22:00:00+00:00,2026-09-10,28,-3.138
Egypt,2026-09-10T22:00:00+00:00,2026-09-10,14,-0.6088
Sudan,2026-09-10T22:00:00+00:00,2026-09-10,0,
Haiti,2026-09-10T22:00:00+00:00,2026-09-10,3,-4.4132
Thailand,2026-09-10T22:00:00+00:00,2026-09-10,18,-0.0617
Turkey,2026-09-10T21:00:00+00:00,2026-09-10,13,-1.3469
Ukraine,2026-09-10T21:00:00+00:00,2026-09-10,22,-1.2329
Lebanon,2026-09-10T21:00:00+00:00,2026-09-10,8,-1.8821
Israel,2026-09-10T21:00:00+00:00,2026-09-10,36,-3.9603
Egypt,2026-09-10T21:00:00+00:00,2026-09-10,20,-0.7682
Sudan,2026-09-10T21:00:00+00:00,2026-09-10,1,0.153
Haiti,2026-09-10T21:00:00+00:00,2026-09-10,7,-0.8794
Thailand,2026-09-10T21:00:00+00:00,2026-09-10,12,-0.8741
Turkey,2026-09-10T20:00:00+00:00,2026-09-10,5,-1.2865
Ukraine,2026-09-10T20:00:00+00:00,2026-09-10,19,-2.4991
Lebanon,2026-09-10T20:00:00+00:00,2026-09-10,13,-3.1778
Israel,2026-09-10T20:00:00+00:00,2026-09-10,36,-2.9925
Egypt,2026-09-10T20:00:00+00:00,2026-09-10,16,0.7627
Sudan,2026-09-10T20:00:00+00:00,2026-09-10,3,-2.2135
Haiti,2026-09-10T20:00:00+00:00,2026-09-10,7,-3.0374
Thailand,2026-09-10T20:00:00+00:00,2026-09-10,9,1.8731
Turkey,2026-09-10T19:00:00+00:00,2026-09-10,8,1.0038
Ukraine,2026-09-10T19:00:00+00:00,2026-09-10,19,-2.9211
Lebanon,2026-09-10T19:00:00+00:00,2026-09-10,7,-5.4118
Israel,2026-09-10T19:00:00+00:00,2026-09-10,46,-3.9576
Egypt,2026-09-10T19:00:00+00:00,2026-09-10,22,0.8438
Sudan,2026-09-10T19:00:00+00:00,2026-09-10,1,-0.5181
Haiti,2026-09-10T19:00:00+00:00,2026-09-10,6,-2.5341
Thailand,2026-09-10T19:00:00+00:00,2026-09-10,11,2.6721
Turkey,2026-09-10T18:00:00+00:00,2026-09-10,5,-1.597
Ukraine,2026-09-10T18:00:00+00:00,2026-09-10,24,-1.9977
Lebanon,2026-09-10T18:00:00+00:00,2026-09-10,5,-1.1838
Israel,2026-09-10T18:00:00+00:00,2026-09-10,34,-2.1609
Egypt,2026-09-10T18:00:00+00:00,2026-09-10,20,1.9462
Sudan,2026-09-10T18:00:00+00:00,2026-09-10,5,-1.5952
Haiti,2026-09-10T18:00:00+00:00,2026-09-10,6,-1.9142
Thailand,2026-09-10T18:00:00+00:00,2026-09-10,11,1.8417
Turkey,2026-09-10T17:00:00+00:00,2026-09-10,6,1.6918
Ukraine,2026-09-10T17:00:00+00:00,2026-09-10,18,-3.4381
Lebanon,2026-09-10T17:00:00+00:00,2026-09-10,6,-0.732
Israel,2026-09-10T17:00:00+00:00,2026-09-10,30,-2.6574
Egypt,2026-09-10T17:00:00+00:00,2026-09-10,14,3.1448
Sudan,2026-09-10T17:00:00+00:00,2026-09-10,2,1.5766
Haiti,2026-09-10T17:00:00+00:00,2026-09-10,12,-1.4091
Thailand,2026-09-10T17:00:00+00:00,2026-09-10,2,-2.0576
Turkey,2026-09-10T16:00:00+00:00,2026-09-10,10,-1.8922
Ukraine,2026-09-10T16:00:00+00:00,2026-09-10,24,-3.6596
Lebanon,2026-09-10T16:00:00+00:00,2026-09-10,13,-1.5075
Israel,2026-09-10T16:00:00+00:00,2026-09-10,47,-3.0252
Egypt,2026-09-10T16:00:00+00:00,2026-09-10,20,1.9628
Sudan,2026-09-10T16:00:00+00:00,2026-09-10,0,
Haiti,2026-09-10T16:00:00+00:00,2026-09-10,3,-3.9216
Thailand,2026-09-10T16:00:00+00:00,2026-09-10,9,0.5062
Turkey,2026-09-10T15:00:00+00:00,2026-09-10,8,-0.3687
Ukraine,2026-09-10T15:00:00+00:00,2026-09-10,19,-3.184
Lebanon,2026-09-10T15:00:00+00:00,2026-09-10,6,-2.0429
Israel,2026-09-10T15:00:00+00:00,2026-09-10,45,-2.6102
Egypt,2026-09-10T15:00:00+00:00,2026-09-10,14,-0.0983
Sudan,2026-09-10T15:00:00+00:00,2026-09-10,0,
Haiti,2026-09-10T15:00:00+00:00,2026-09-10,3,-2.5932
Thailand,2026-09-10T15:00:00+00:00,2026-09-10,10,1.1683
Turkey,2026-09-10T14:00:00+00:00,2026-09-10,15,-1.1756
Ukraine,2026-09-10T14:00:00+00:00,2026-09-10,23,-1.707
Lebanon,2026-09-10T14:00:00+00:00,2026-09-10,6,-0.9807
Israel,2026-09-10T14:00:00+00:00,2026-09-10,46,-3.3286
Egypt,2026-09-10T14:00:00+00:00,2026-09-10,21,-1.7091
Sudan,2026-09-10T14:00:00+00:00,2026-09-10,2,-1.3815
Haiti,2026-09-10T14:00:00+00:00,2026-09-10,4,-2.068
Thailand,2026-09-10T14:00:00+00:00,2026-09-10,7,0.6636
Turkey,2026-09-10T13:00:00+00:00,2026-09-10,23,-0.2736
Ukraine,2026-09-10T13:00:00+00:00,2026-09-10,31,-2.1833
Lebanon,2026-09-10T13:00:00+00:00,2026-09-10,6,-0.3106
Israel,2026-09-10T13:00:00+00:00,2026-09-10,35,-3.7185
Egypt,2026-09-10T13:00:00+00:00,2026-09-10,13,-0.8077
Sudan,2026-09-10T13:00:00+00:00,2026-09-10,4,-0.4695
Haiti,2026-09-10T13:00:00+00:00,2026-09-10,4,-0.4695
Thailand,2026-09-10T13:00:00+00:00,2026-09-10,9,-1.9282
Turkey,2026-09-10T12:00:00+00:00,2026-09-10,19,-0.1881
Ukraine,2026-09-10T12:00:00+00:00,2026-09-10,23,-2.4008
Lebanon,2026-09-10T12:00:00+00:00,2026-09-10,13,-2.5915
Israel,2026-09-10T12:00:00+00:00,2026-09-10,45,-3.3086
Egypt,2026-09-10T12:00:00+00:00,2026-09-10,7,-1.6658
Sudan,2026-09-10T12:00:00+00:00,2026-09-10,5,-1.4443
Haiti,2026-09-10T12:00:00+00:00,2026-09-10,5,-0.8914
Thailand,2026-09-10T12:00:00+00:00,2026-09-10,7,1.2933
Turkey,2026-09-10T11:00:00+00:00,2026-09-10,12,-2.0045
Ukraine,2026-09-10T11:00:00+00:00,2026-09-10,12,-2.1042
Lebanon,2026-09-10T11:00:00+00:00,2026-09-10,5,-4.6679
Israel,2026-09-10T11:00:00+00:00,2026-09-10,29,-3.66
Egypt,2026-09-10T11:00:00+00:00,2026-09-10,14,-1.9585
Sudan,2026-09-10T11:00:00+00:00,2026-09-10,2,-4.5142
Haiti,2026-09-10T11:00:00+00:00,2026-09-10,3,1.0295
Thailand,2026-09-10T11:00:00+00:00,2026-09-10,13,0.9404
Turkey,2026-09-10T10:00:00+00:00,2026-09-10,14,0.2241
Ukraine,2026-09-10T10:00:00+00:00,2026-09-10,24,-2.2437
Lebanon,2026-09-10T10:00:00+00:00,2026-09-10,3,-2.2801
Israel,2026-09-10T10:00:00+00:00,2026-09-10,35,-2.6153
Egypt,2026-09-10T10:00:00+00:00,2026-09-10,18,0.3294
Sudan,2026-09-10T10:00:00+00:00,2026-09-10,0,
Haiti,2026-09-10T10:00:00+00:00,2026-09-10,2,-5.1526
Thailand,2026-09-10T10:00:00+00:00,2026-09-10,16,0.6141
Turkey,2026-09-10T09:00:00+00:00,2026-09-10,0,
Ukraine,2026-09-10T09:00:00+00:00,2026-09-10,20,-4.1005
Lebanon,2026-09-10T09:00:00+00:00,2026-09-10,4,-5.0041
Israel,2026-09-10T09:00:00+00:00,2026-09-10,16,-4.5752
Egypt,2026-09-10T09:00:00+00:00,2026-09-10,7,0.8912
Sudan,2026-09-10T09:00:00+00:00,2026-09-10,3,-4.7661
Haiti,2026-09-10T09:00:00+00:00,2026-09-10,2,-1.3841
Thailand,2026-09-10T09:00:00+00:00,2026-09-10,8,2.4036
Turkey,2026-09-10T08:00:00+00:00,2026-09-10,8,-0.9395
Ukraine,2026-09-10T08:00:00+00:00,2026-09-10,14,-1.7658
Lebanon,2026-09-10T08:00:00+00:00,2026-09-10,11,-5.6321
Israel,2026-09-10T08:00:00+00:00,2026-09-10,51,-4.0776
Egypt,2026-09-10T08:00:00+00:00,2026-09-10,10,-0.5059
Sudan,2026-09-10T08:00:00+00:00,2026-09-10,1,-1.6632
Haiti,2026-09-10T08:00:00+00:00,2026-09-10,2,-2.2038
Thailand,2026-09-10T08:00:00+00:00,2026-09-10,13,-1.1731
Turkey,2026-09-10T07:00:00+00:00,2026-09-10,6,1.2866
Ukraine,2026-09-10T07:00:00+00:00,2026-09-10,13,-0.7685
Lebanon,2026-09-10T07:00:00+00:00,2026-09-10,2,-7.0561
Israel,2026-09-10T07:00:00+00:00,2026-09-10,19,-1.5537
Egypt,2026-09-10T07:00:00+00:00,2026-09-10,9,-0.1726
Sudan,2026-09-10T07:00:00+00:00,2026-09-10,2,0.7006
Haiti,2026-09-10T07:00:00+00:00,2026-09-10,0,
Thailand,2026-09-10T07:00:00+00:00,2026-09-10,22,2.3022
Turkey,2026-09-10T06:00:00+00:00,2026-09-10,5,0.6941
Ukraine,2026-09-10T06:00:00+00:00,2026-09-10,8,-3.6445
Lebanon,2026-09-10T06:00:00+00:00,2026-09-10,4,-5.0736
Israel,2026-09-10T06:00:00+00:00,2026-09-10,31,-2.3135
Egypt,2026-09-10T06:00:00+00:00,2026-09-10,5,-0.6862
Sudan,2026-09-10T06:00:00+00:00,2026-09-10,1,9.5238
Haiti,2026-09-10T06:00:00+00:00,2026-09-10,0,
Thailand,2026-09-10T06:00:00+00:00,2026-09-10,5,2.5393
Turkey,2026-09-10T05:00:00+00:00,2026-09-10,2,2.7095
Ukraine,2026-09-10T05:00:00+00:00,2026-09-10,10,-2.8941
Lebanon,2026-09-10T05:00:00+00:00,2026-09-10,3,-3.3324
Israel,2026-09-10T05:00:00+00:00,2026-09-10,20,-0.7922
Egypt,2026-09-10T05:00:00+00:00,2026-09-10,8,1.5866
Sudan,2026-09-10T05:00:00+00:00,2026-09-10,1,-1.0274
Haiti,2026-09-10T05:00:00+00:00,2026-09-10,1,-2.7444
Thailand,2026-09-10T05:00:00+00:00,2026-09-10,13,1.5246
Turkey,2026-09-10T04:00:00+00:00,2026-09-10,6,-0.5155
Ukraine,2026-09-10T04:00:00+00:00,2026-09-10,23,-1.1884
Lebanon,2026-09-10T04:00:00+00:00,2026-09-10,4,-0.8457
Israel,2026-09-10T04:00:00+00:00,2026-09-10,40,-2.3289
Egypt,2026-09-10T04:00:00+00:00,2026-09-10,13,2.4302
Sudan,2026-09-10T04:00:00+00:00,2026-09-10,0,
Haiti,2026-09-10T04:00:00+00:00,2026-09-10,1,0.7926
Thailand,2026-09-10T04:00:00+00:00,2026-09-10,17,2.3062
Turkey,2026-09-10T03:00:00+00:00,2026-09-10,11,-1.9079
Ukraine,2026-09-10T03:00:00+00:00,2026-09-10,17,-2.4589
Lebanon,2026-09-10T03:00:00+00:00,2026-09-10,5,-3.754
Israel,2026-09-10T03:00:00+00:00,2026-09-10,55,-2.5284
Egypt,2026-09-10T03:00:00+00:00,2026-09-10,6,-0.3327
Sudan,2026-09-10T03:00:00+00:00,2026-09-10,2,-0.5576
Haiti,2026-09-10T03:00:00+00:00,2026-09-10,2,-0.5576
Thailand,2026-09-10T03:00:00+00:00,2026-09-10,3,-0.112
Turkey,2026-09-10T02:00:00+00:00,2026-09-10,9,-1.1394
Ukraine,2026-09-10T02:00:00+00:00,2026-09-10,17,-1.9653
Lebanon,2026-09-10T02:00:00+00:00,2026-09-10,7,-0.7343
Israel,2026-09-10T02:00:00+00:00,2026-09-10,31,-1.6709
Egypt,2026-09-10T02:00:00+00:00,2026-09-10,11,-0.3337
Sudan,2026-09-10T02:00:00+00:00,2026-09-10,5,-0.4381
Haiti,2026-09-10T02:00:00+00:00,2026-09-10,3,-1.3495
Thailand,2026-09-10T02:00:00+00:00,2026-09-10,8,3.7589
Turkey,2026-09-10T01:00:00+00:00,2026-09-10,10,-2.0722
Ukraine,2026-09-10T01:00:00+00:00,2026-09-10,10,-2.6942
Lebanon,2026-09-10T01:00:00+00:00,2026-09-10,4,-1.3103
Israel,2026-09-10T01:00:00+00:00,2026-09-10,35,-2.5169
Egypt,2026-09-10T01:00:00+00:00,2026-09-10,11,-1.616
Sudan,2026-09-10T01:00:00+00:00,2026-09-10,0,
Haiti,2026-09-10T01:00:00+00:00,2026-09-10,0,
Thailand,2026-09-10T01:00:00+00:00,2026-09-10,6,-3.3648
Turkey,2026-09-10T00:00:00+00:00,2026-09-10,7,0.6816
Ukraine,2026-09-10T00:00:00+00:00,2026-09-10,19,-1.1346
Lebanon,2026-09-10T00:00:00+00:00,2026-09-10,4,-2.1028
Israel,2026-09-10T00:00:00+00:00,2026-09-10,34,-3.2198
Egypt,2026-09-10T00:00:00+00:00,2026-09-10,12,-1.4526
Sudan,2026-09-10T00:00:00+00:00,2026-09-10,2,-1.1823
Haiti,2026-09-10T00:00:00+00:00,2026-09-10,4,-1.0766
Thailand,2026-09-10T00:00:00+00:00,2026-09-10,11,-2.4149
Turkey,2026-09-09T23:00:00+00:00,2026-09-09,7,0.6749
Ukraine,2026-09-09T23:00:00+00:00,2026-09-09,22,-2.5661
Lebanon,2026-09-09T23:00:00+00:00,2026-09-09,6,-3.7692
Israel,2026-09-09T23:00:00+00:00,2026-09-09,31,-2.6136
Egypt,2026-09-09T23:00:00+00:00,2026-09-09,12,-1.3808
Sudan,2026-09-09T23:00:00+00:00,2026-09-09,0,
Haiti,2026-09-09T23:00:00+00:00,2026-09-09,1,-2.4502
Thailand,2026-09-09T23:00:00+00:00,2026-09-09,7,-4.2342
Turkey,2026-09-09T22:00:00+00:00,2026-09-09,13,0.095
Ukraine,2026-09-09T22:00:00+00:00,2026-09-09,28,-1.6937
Lebanon,2026-09-09T22:00:00+00:00,2026-09-09,6,-3.5597
Israel,2026-09-09T22:00:00+00:00,2026-09-09,34,-4.4539
Egypt,2026-09-09T22:00:00+00:00,2026-09-09,14,-2.495
Sudan,2026-09-09T22:00:00+00:00,2026-09-09,1,-1.8648
Haiti,2026-09-09T22:00:00+00:00,2026-09-09,4,-5.1355
Thailand,2026-09-09T22:00:00+00:00,2026-09-09,11,-3.2443
Turkey,2026-09-09T21:00:00+00:00,2026-09-09,14,-1.4514
Ukraine,2026-09-09T21:00:00+00:00,2026-09-09,26,-2.2075
Lebanon,2026-09-09T21:00:00+00:00,2026-09-09,4,-2.4414
Israel,2026-09-09T21:00:00+00:00,2026-09-09,36,-2.8431
Egypt,2026-09-09T21:00:00+00:00,2026-09-09,11,-2.1115
Sudan,2026-09-09T21:00:00+00:00,2026-09-09,2,-3.0934
Haiti,2026-09-09T21:00:00+00:00,2026-09-09,4,-1.9528
Thailand,2026-09-09T21:00:00+00:00,2026-09-09,10,-2.7359
Turkey,2026-09-09T20:00:00+00:00,2026-09-09,11,-0.1793
Ukraine,2026-09-09T20:00:00+00:00,2026-09-09,42,-3.1836
Lebanon,2026-09-09T20:00:00+00:00,2026-09-09,6,-4.1325
Israel,2026-09-09T20:00:00+00:00,2026-09-09,55,-2.6634
Egypt,2026-09-09T20:00:00+00:00,2026-09-09,6,-1.7227
Sudan,2026-09-09T20:00:00+00:00,2026-09-09,2,-2.101
Haiti,2026-09-09T20:00:00+00:00,2026-09-09,4,-1.3886
Thailand,2026-09-09T20:00:00+00:00,2026-09-09,6,1.6413
Turkey,2026-09-09T19:00:00+00:00,2026-09-09,7,-0.8301
Ukraine,2026-09-09T19:00:00+00:00,2026-09-09,30,-2.5562
Lebanon,2026-09-09T19:00:00+00:00,2026-09-09,2,-3.732
Israel,2026-09-09T19:00:00+00:00,2026-09-09,36,-2.7322
Egypt,2026-09-09T19:00:00+00:00,2026-09-09,7,-2.8602
Sudan,2026-09-09T19:00:00+00:00,2026-09-09,1,-1.7417
Haiti,2026-09-09T19:00:00+00:00,2026-09-09,2,-1.6227
Thailand,2026-09-09T19:00:00+00:00,2026-09-09,5,0.7002
Turkey,2026-09-09T18:00:00+00:00,2026-09-09,10,-2.1956
Ukraine,2026-09-09T18:00:00+00:00,2026-09-09,22,-2.3273
Lebanon,2026-09-09T18:00:00+00:00,2026-09-09,7,-1.0113
Israel,2026-09-09T18:00:00+00:00,2026-09-09,46,-2.8106
Egypt,2026-09-09T18:00:00+00:00,2026-09-09,9,-1.0444
Sudan,2026-09-09T18:00:00+00:00,2026-09-09,4,-2.7391
Haiti,2026-09-09T18:00:00+00:00,2026-09-09,5,-0.4708
Thailand,2026-09-09T18:00:00+00:00,2026-09-09,10,-1.2551
Turkey,2026-09-09T17:00:00+00:00,2026-09-09,8,-2.5719
Ukraine,2026-09-09T17:00:00+00:00,2026-09-09,15,-1.0997
Lebanon,2026-09-09T17:00:00+00:00,2026-09-09,5,-1.3394
Israel,2026-09-09T17:00:00+00:00,2026-09-09,43,-3.2296
Egypt,2026-09-09T17:00:00+00:00,2026-09-09,7,-0.5138
Sudan,2026-09-09T17:00:00+00:00,2026-09-09,2,-1.4157
Haiti,2026-09-09T17:00:00+00:00,2026-09-09,8,-2.9702
Thailand,2026-09-09T17:00:00+00:00,2026-09-09,12,0.6147
Turkey,2026-09-09T16:00:00+00:00,2026-09-09,12,-2.0926
Ukraine,2026-09-09T16:00:00+00:00,2026-09-09,16,-2.4531
Lebanon,2026-09-09T16:00:00+00:00,2026-09-09,5,-3.4266
Israel,2026-09-09T16:00:00+00:00,2026-09-09,66,-2.1882
Egypt,2026-09-09T16:00:00+00:00,2026-09-09,9,-0.6891
Sudan,2026-09-09T16:00:00+00:00,2026-09-09,1,-2.7548
Haiti,2026-09-09T16:00:00+00:00,2026-09-09,3,-3.5629
Thailand,2026-09-09T16:00:00+00:00,2026-09-09,7,0.0477
Turkey,2026-09-09T15:00:00+00:00,2026-09-09,8,-1.4218
Ukraine,2026-09-09T15:00:00+00:00,2026-09-09,19,-1.6091
Lebanon,2026-09-09T15:00:00+00:00,2026-09-09,4,-0.7294
Israel,2026-09-09T15:00:00+00:00,2026-09-09,61,-2.8137
Egypt,2026-09-09T15:00:00+00:00,2026-09-09,10,0.4526
Sudan,2026-09-09T15:00:00+00:00,2026-09-09,1,-4.77
Haiti,2026-09-09T15:00:00+00:00,2026-09-09,3,-2.6102
Thailand,2026-09-09T15:00:00+00:00,2026-09-09,13,0.2176
Turkey,2026-09-09T14:00:00+00:00,2026-09-09,22,-0.7786
Ukraine,2026-09-09T14:00:00+00:00,2026-09-09,28,-1.935
Lebanon,2026-09-09T14:00:00+00:00,2026-09-09,5,-1.103
Israel,2026-09-09T14:00:00+00:00,2026-09-09,44,-3.0212
Egypt,2026-09-09T14:00:00+00:00,2026-09-09,15,-0.1592
Sudan,2026-09-09T14:00:00+00:00,2026-09-09,1,-3.16
Haiti,2026-09-09T14:00:00+00:00,2026-09-09,1,-4.3588
Thailand,2026-09-09T14:00:00+00:00,2026-09-09,19,0.0649
Turkey,2026-09-09T13:00:00+00:00,2026-09-09,7,-1.2671
Ukraine,2026-09-09T13:00:00+00:00,2026-09-09,21,-2.7935
Lebanon,2026-09-09T13:00:00+00:00,2026-09-09,2,-3.614
Israel,2026-09-09T13:00:00+00:00,2026-09-09,47,-2.0251
Egypt,2026-09-09T13:00:00+00:00,2026-09-09,10,-0.1309
Sudan,2026-09-09T13:00:00+00:00,2026-09-09,1,-5.2375
Haiti,2026-09-09T13:00:00+00:00,2026-09-09,3,-3.1669
Thailand,2026-09-09T13:00:00+00:00,2026-09-09,5,1.2586
Turkey,2026-09-09T12:00:00+00:00,2026-09-09,9,-1.7186
Ukraine,2026-09-09T12:00:00+00:00,2026-09-09,14,-1.2892
Lebanon,2026-09-09T12:00:00+00:00,2026-09-09,1,-4.2868
Israel,2026-09-09T12:00:00+00:00,2026-09-09,22,-4.7725
Egypt,2026-09-09T12:00:00+00:00,2026-09-09,12,-0.0296
Sudan,2026-09-09T12:00:00+00:00,2026-09-09,1,3.3735
Haiti,2026-09-09T12:00:00+00:00,2026-09-09,1,-5.8156
Thailand,2026-09-09T12:00:00+00:00,2026-09-09,8,2.0472
Turkey,2026-09-09T11:00:00+00:00,2026-09-09,10,-1.2371
Ukraine,2026-09-09T11:00:00+00:00,2026-09-09,34,-2.2093
Lebanon,2026-09-09T11:00:00+00:00,2026-09-09,10,-2.537
Israel,2026-09-09T11:00:00+00:00,2026-09-09,45,-5.3773
Egypt,2026-09-09T11:00:00+00:00,2026-09-09,9,-0.4844
Sudan,2026-09-09T11:00:00+00:00,2026-09-09,1,1.7143
Haiti,2026-09-09T11:00:00+00:00,2026-09-09,2,-5.8881
Thailand,2026-09-09T11:00:00+00:00,2026-09-09,10,2.1149
Turkey,2026-09-09T10:00:00+00:00,2026-09-09,9,0.2507
Ukraine,2026-09-09T10:00:00+00:00,2026-09-09,23,-2.6913
Lebanon,2026-09-09T10:00:00+00:00,2026-09-09,7,-3.7602
Israel,2026-09-09T10:00:00+00:00,2026-09-09,51,-5.5462
Egypt,2026-09-09T10:00:00+00:00,2026-09-09,17,0.0311
Sudan,2026-09-09T10:00:00+00:00,2026-09-09,2,3.5308
Haiti,2026-09-09T10:00:00+00:00,2026-09-09,0,
Thailand,2026-09-09T10:00:00+00:00,2026-09-09,9,1.6505
Turkey,2026-09-09T09:00:00+00:00,2026-09-09,3,-1.0726
Ukraine,2026-09-09T09:00:00+00:00,2026-09-09,16,-0.2585
Lebanon,2026-09-09T09:00:00+00:00,2026-09-09,7,-4.3483
Israel,2026-09-09T09:00:00+00:00,2026-09-09,62,-3.9349
Egypt,2026-09-09T09:00:00+00:00,2026-09-09,15,-0.0672
Sudan,2026-09-09T09:00:00+00:00,2026-09-09,0,
Haiti,2026-09-09T09:00:00+00:00,2026-09-09,0,
Thailand,2026-09-09T09:00:00+00:00,2026-09-09,6,-1.7452
Turkey,2026-09-09T08:00:00+00:00,2026-09-09,7,-1.115
Ukraine,2026-09-09T08:00:00+00:00,2026-09-09,22,-2.8852
Lebanon,2026-09-09T08:00:00+00:00,2026-09-09,5,-6.775
Israel,2026-09-09T08:00:00+00:00,2026-09-09,48,-4.8207
Egypt,2026-09-09T08:00:00+00:00,2026-09-09,6,-2.57
Sudan,2026-09-09T08:00:00+00:00,2026-09-09,1,-4.4335
Haiti,2026-09-09T08:00:00+00:00,2026-09-09,0,
Thailand,2026-09-09T08:00:00+00:00,2026-09-09,10,-0.2951
Turkey,2026-09-09T07:00:00+00:00,2026-09-09,4,-1.6696
Ukraine,2026-09-09T07:00:00+00:00,2026-09-09,8,-3.2719
Lebanon,2026-09-09T07:00:00+00:00,2026-09-09,3,-4.596
Israel,2026-09-09T07:00:00+00:00,2026-09-09,33,-4.2774
Egypt,2026-09-09T07:00:00+00:00,2026-09-09,2,-0.8295
Sudan,2026-09-09T07:00:00+00:00,2026-09-09,1,-4.6838
Haiti,2026-09-09T07:00:00+00:00,2026-09-09,0,
Thailand,2026-09-09T07:00:00+00:00,2026-09-09,6,0.8999
Turkey,2026-09-09T06:00:00+00:00,2026-09-09,4,0.068
Ukraine,2026-09-09T06:00:00+00:00,2026-09-09,7,-4.0385
Lebanon,2026-09-09T06:00:00+00:00,2026-09-09,4,-4.6061
Israel,2026-09-09T06:00:00+00:00,2026-09-09,19,-2.7599
Egypt,2026-09-09T06:00:00+00:00,2026-09-09,4,-2.5297
Sudan,2026-09-09T06:00:00+00:00,2026-09-09,2,-2.6436
Haiti,2026-09-09T06:00:00+00:00,2026-09-09,3,-3.8231
Thailand,2026-09-09T06:00:00+00:00,2026-09-09,5,2.0268
Turkey,2026-09-09T05:00:00+00:00,2026-09-09,7,-0.3571
Ukraine,2026-09-09T05:00:00+00:00,2026-09-09,16,-2.1894
Lebanon,2026-09-09T05:00:00+00:00,2026-09-09,6,-4.117
Israel,2026-09-09T05:00:00+00:00,2026-09-09,34,-3.695
Egypt,2026-09-09T05:00:00+00:00,2026-09-09,6,-1.6584
Sudan,2026-09-09T05:00:00+00:00,2026-09-09,0,
Haiti,2026-09-09T05:00:00+00:00,2026-09-09,3,-2.9078
Thailand,2026-09-09T05:00:00+00:00,2026-09-09,5,-0.4837
Turkey,2026-09-09T04:00:00+00:00,2026-09-09,5,-0.3241
Ukraine,2026-09-09T04:00:00+00:00,2026-09-09,10,-0.905
Lebanon,2026-09-09T04:00:00+00:00,2026-09-09,6,-2.4746
Israel,2026-09-09T04:00:00+00:00,2026-09-09,24,-3.5319
Egypt,2026-09-09T04:00:00+00:00,2026-09-09,5,-2.6347
Sudan,2026-09-09T04:00:00+00:00,2026-09-09,0,
Haiti,2026-09-09T04:00:00+00:00,2026-09-09,3,-11.1492
Thailand,2026-09-09T04:00:00+00:00,2026-09-09,6,2.3319
Turkey,2026-09-09T03:00:00+00:00,2026-09-09,3,-1.9578
Ukraine,2026-09-09T03:00:00+00:00,2026-09-09,8,-2.038
Lebanon,2026-09-09T03:00:00+00:00,2026-09-09,5,-4.4354
Israel,2026-09-09T03:00:00+00:00,2026-09-09,23,-4.3253
Egypt,2026-09-09T03:00:00+00:00,2026-09-09,5,-1.6468
Sudan,2026-09-09T03:00:00+00:00,2026-09-09,1,-1.4504
Haiti,2026-09-09T03:00:00+00:00,2026-09-09,2,-5.1113
Thailand,2026-09-09T03:00:00+00:00,2026-09-09,6,0.6524
Turkey,2026-09-09T02:00:00+00:00,2026-09-09,2,1.2313
Ukraine,2026-09-09T02:00:00+00:00,2026-09-09,4,-2.0358
Lebanon,2026-09-09T02:00:00+00:00,2026-09-09,5,-2.34
Israel,2026-09-09T02:00:00+00:00,2026-09-09,29,-2.8118
Egypt,2026-09-09T02:00:00+00:00,2026-09-09,8,-2.2051
Sudan,2026-09-09T02:00:00+00:00,2026-09-09,2,-1.5856
Haiti,2026-09-09T02:00:00+00:00,2026-09-09,3,-2.1662
Thailand,2026-09-09T02:00:00+00:00,2026-09-09,5,1.1028
Turkey,2026-09-09T01:00:00+00:00,2026-09-09,5,-2.7035
Ukraine,2026-09-09T01:00:00+00:00,2026-09-09,2,-2.5453
Lebanon,2026-09-09T01:00:00+00:00,2026-09-09,3,-5.8424
Israel,2026-09-09T01:00:00+00:00,2026-09-09,19,-3.8032
Egypt,2026-09-09T01:00:00+00:00,2026-09-09,11,-3.2777
Sudan,2026-09-09T01:00:00+00:00,2026-09-09,1,-3.4078
Haiti,2026-09-09T01:00:00+00:00,2026-09-09,6,-4.9544
Thailand,2026-09-09T01:00:00+00:00,2026-09-09,0,
Turkey,2026-09-09T00:00:00+00:00,2026-09-09,6,-2.2647
Ukraine,2026-09-09T00:00:00+00:00,2026-09-09,13,-1.4814
Lebanon,2026-09-09T00:00:00+00:00,2026-09-09,3,-3.9402
Israel,2026-09-09T00:00:00+00:00,2026-09-09,34,-3.2622
Egypt,2026-09-09T00:00:00+00:00,2026-09-09,10,-2.9367
Sudan,2026-09-09T00:00:00+00:00,2026-09-09,2,-3.7253
Haiti,2026-09-09T00:00:00+00:00,2026-09-09,1,-6.6581
Thailand,2026-09-09T00:00:00+00:00,2026-09-09,2,4.3054
Turkey,2026-09-08T23:00:00+00:00,2026-09-08,11,-2.2782
Ukraine,2026-09-08T23:00:00+00:00,2026-09-08,16,-1.2468
Lebanon,2026-09-08T23:00:00+00:00,2026-09-08,7,-3.306
Israel,2026-09-08T23:00:00+00:00,2026-09-08,47,-4.6462
Egypt,2026-09-08T23:00:00+00:00,2026-09-08,16,-3.4891
Sudan,2026-09-08T23:00:00+00:00,2026-09-08,3,-5.0059
Haiti,2026-09-08T23:00:00+00:00,2026-09-08,3,2.503
Thailand,2026-09-08T23:00:00+00:00,2026-09-08,5,-0.499
Turkey,2026-09-08T22:00:00+00:00,2026-09-08,5,-3.0093
Ukraine,2026-09-08T22:00:00+00:00,2026-09-08,13,-3.2578
Lebanon,2026-09-08T22:00:00+00:00,2026-09-08,10,-4.0668
Israel,2026-09-08T22:00:00+00:00,2026-09-08,37,-4.2061
Egypt,2026-09-08T22:00:00+00:00,2026-09-08,15,-2.7556
Sudan,2026-09-08T22:00:00+00:00,2026-09-08,1,-3.8095
Haiti,2026-09-08T22:00:00+00:00,2026-09-08,1,-4.4681
Thailand,2026-09-08T22:00:00+00:00,2026-09-08,7,0.6894
Turkey,2026-09-08T21:00:00+00:00,2026-09-08,16,-1.1543
Ukraine,2026-09-08T21:00:00+00:00,2026-09-08,29,-1.4393
Lebanon,2026-09-08T21:00:00+00:00,2026-09-08,1,-6.2762
Israel,2026-09-08T21:00:00+00:00,2026-09-08,52,-3.7075
Egypt,2026-09-08T21:00:00+00:00,2026-09-08,18,-1.1349
Sudan,2026-09-08T21:00:00+00:00,2026-09-08,2,3.8748
Haiti,2026-09-08T21:00:00+00:00,2026-09-08,0,
Thailand,2026-09-08T21:00:00+00:00,2026-09-08,6,1.3211
Turkey,2026-09-08T20:00:00+00:00,2026-09-08,18,-2.1893
Ukraine,2026-09-08T20:00:00+00:00,2026-09-08,25,-2.6853
Lebanon,2026-09-08T20:00:00+00:00,2026-09-08,6,-2.3234
Israel,2026-09-08T20:00:00+00:00,2026-09-08,61,-3.3661
Egypt,2026-09-08T20:00:00+00:00,2026-09-08,26,-3.0079
Sudan,2026-09-08T20:00:00+00:00,2026-09-08,12,-5.2477
Haiti,2026-09-08T20:00:00+00:00,2026-09-08,1,0.317
Thailand,2026-09-08T20:00:00+00:00,2026-09-08,7,1.5038
Turkey,2026-09-08T19:00:00+00:00,2026-09-08,15,1.3959
Ukraine,2026-09-08T19:00:00+00:00,2026-09-08,21,-0.9916
Lebanon,2026-09-08T19:00:00+00:00,2026-09-08,3,-4.4583
Israel,2026-09-08T19:00:00+00:00,2026-09-08,52,-5.527
Egypt,2026-09-08T19:00:00+00:00,2026-09-08,8,-3.7615
Sudan,2026-09-08T19:00:00+00:00,2026-09-08,3,-2.8953
Haiti,2026-09-08T19:00:00+00:00,2026-09-08,2,-3.0116
Thailand,2026-09-08T19:00:00+00:00,2026-09-08,10,-0.0814
Turkey,2026-09-08T18:00:00+00:00,2026-09-08,12,-1.0988
Ukraine,2026-09-08T18:00:00+00:00,2026-09-08,24,-2.1662
Lebanon,2026-09-08T18:00:00+00:00,2026-09-08,7,-3.3665
Israel,2026-09-08T18:00:00+00:00,2026-09-08,54,-4.4265
Egypt,2026-09-08T18:00:00+00:00,2026-09-08,7,-2.4656
Sudan,2026-09-08T18:00:00+00:00,2026-09-08,2,-4.5037
Haiti,2026-09-08T18:00:00+00:00,2026-09-08,0,
Thailand,2026-09-08T18:00:00+00:00,2026-09-08,8,-1.0797
Turkey,2026-09-08T17:00:00+00:00,2026-09-08,17,0.7512
Ukraine,2026-09-08T17:00:00+00:00,2026-09-08,34,-1.0208
Lebanon,2026-09-08T17:00:00+00:00,2026-09-08,5,-5.3071
Israel,2026-09-08T17:00:00+00:00,2026-09-08,43,-3.1978
Egypt,2026-09-08T17:00:00+00:00,2026-09-08,9,-1.2316
Sudan,2026-09-08T17:00:00+00:00,2026-09-08,5,-5.5063
Haiti,2026-09-08T17:00:00+00:00,2026-09-08,4,0.2291
Thailand,2026-09-08T17:00:00+00:00,2026-09-08,14,1.4064
Turkey,2026-09-08T16:00:00+00:00,2026-09-08,10,-2.0549
Ukraine,2026-09-08T16:00:00+00:00,2026-09-08,36,-0.5663
Lebanon,2026-09-08T16:00:00+00:00,2026-09-08,5,-4.2211
Israel,2026-09-08T16:00:00+00:00,2026-09-08,51,-3.9642
Egypt,2026-09-08T16:00:00+00:00,2026-09-08,15,0.2286
Sudan,2026-09-08T16:00:00+00:00,2026-09-08,2,-3.5403
Haiti,2026-09-08T16:00:00+00:00,2026-09-08,1,1.6465
Thailand,2026-09-08T16:00:00+00:00,2026-09-08,6,2.5765
Turkey,2026-09-08T15:00:00+00:00,2026-09-08,5,0.3965
Ukraine,2026-09-08T15:00:00+00:00,2026-09-08,51,-1.0782
Lebanon,2026-09-08T15:00:00+00:00,2026-09-08,14,-5.2866
Israel,2026-09-08T15:00:00+00:00,2026-09-08,56,-4.2989
Egypt,2026-09-08T15:00:00+00:00,2026-09-08,4,-2.8016
Sudan,2026-09-08T15:00:00+00:00,2026-09-08,1,-1.0593
Haiti,2026-09-08T15:00:00+00:00,2026-09-08,2,1.031
Thailand,2026-09-08T15:00:00+00:00,2026-09-08,5,1.3366
Turkey,2026-09-08T14:00:00+00:00,2026-09-08,28,-1.2096
Ukraine,2026-09-08T14:00:00+00:00,2026-09-08,44,-3.0671
Lebanon,2026-09-08T14:00:00+00:00,2026-09-08,11,-5.7647
Israel,2026-09-08T14:00:00+00:00,2026-09-08,82,-4.2541
Egypt,2026-09-08T14:00:00+00:00,2026-09-08,15,-0.9056
Sudan,2026-09-08T14:00:00+00:00,2026-09-08,2,-5.2872
Haiti,2026-09-08T14:00:00+00:00,2026-09-08,2,-1.8795
Thailand,2026-09-08T14:00:00+00:00,2026-09-08,19,0.296
Turkey,2026-09-08T13:00:00+00:00,2026-09-08,12,0.5787
Ukraine,2026-09-08T13:00:00+00:00,2026-09-08,25,-2.0309
Lebanon,2026-09-08T13:00:00+00:00,2026-09-08,6,-4.0977
Israel,2026-09-08T13:00:00+00:00,2026-09-08,67,-3.4325
Egypt,2026-09-08T13:00:00+00:00,2026-09-08,17,-4.361
Sudan,2026-09-08T13:00:00+00:00,2026-09-08,2,-1.8452
Haiti,2026-09-08T13:00:00+00:00,2026-09-08,1,1.4184
Thailand,2026-09-08T13:00:00+00:00,2026-09-08,6,-1.1518
Turkey,2026-09-08T12:00:00+00:00,2026-09-08,7,-2.6402
Ukraine,2026-09-08T12:00:00+00:00,2026-09-08,29,-2.4506
Lebanon,2026-09-08T12:00:00+00:00,2026-09-08,5,0.7046
Israel,2026-09-08T12:00:00+00:00,2026-09-08,36,-3.1852
Egypt,2026-09-08T12:00:00+00:00,2026-09-08,15,-5.1363
Sudan,2026-09-08T12:00:00+00:00,2026-09-08,1,-4.3375
Haiti,2026-09-08T12:00:00+00:00,2026-09-08,1,-4.6154
Thailand,2026-09-08T12:00:00+00:00,2026-09-08,7,-1.0368
Turkey,2026-09-08T11:00:00+00:00,2026-09-08,21,-1.6044
Ukraine,2026-09-08T11:00:00+00:00,2026-09-08,33,-2.2193
Lebanon,2026-09-08T11:00:00+00:00,2026-09-08,4,-3.5441
Israel,2026-09-08T11:00:00+00:00,2026-09-08,34,-3.7027
Egypt,2026-09-08T11:00:00+00:00,2026-09-08,23,-2.396
Sudan,2026-09-08T11:00:00+00:00,2026-09-08,2,-1.1064
Haiti,2026-09-08T11:00:00+00:00,2026-09-08,0,
Thailand,2026-09-08T11:00:00+00:00,2026-09-08,7,-0.3042
Turkey,2026-09-08T10:00:00+00:00,2026-09-08,4,0.9565
Ukraine,2026-09-08T10:00:00+00:00,2026-09-08,30,-0.7861
Lebanon,2026-09-08T10:00:00+00:00,2026-09-08,1,-3.2834
Israel,2026-09-08T10:00:00+00:00,2026-09-08,36,-4.0181
Egypt,2026-09-08T10:00:00+00:00,2026-09-08,13,-4.0808
Sudan,2026-09-08T10:00:00+00:00,2026-09-08,1,-6.8457
Haiti,2026-09-08T10:00:00+00:00,2026-09-08,0,
Thailand,2026-09-08T10:00:00+00:00,2026-09-08,9,2.7325
Turkey,2026-09-08T09:00:00+00:00,2026-09-08,12,0.5023
Ukraine,2026-09-08T09:00:00+00:00,2026-09-08,45,-1.9759
Lebanon,2026-09-08T09:00:00+00:00,2026-09-08,4,-1.301
Israel,2026-09-08T09:00:00+00:00,2026-09-08,46,-3.0367
Egypt,2026-09-08T09:00:00+00:00,2026-09-08,18,-1.8022
Sudan,2026-09-08T09:00:00+00:00,2026-09-08,1,-5.4517
Haiti,2026-09-08T09:00:00+00:00,2026-09-08,1,0.7701
Thailand,2026-09-08T09:00:00+00:00,2026-09-08,25,0.7573
Turkey,2026-09-08T08:00:00+00:00,2026-09-08,13,-0.9921
Ukraine,2026-09-08T08:00:00+00:00,2026-09-08,27,-1.9054
Lebanon,2026-09-08T08:00:00+00:00,2026-09-08,3,-3.4431
Israel,2026-09-08T08:00:00+00:00,2026-09-08,27,-3.898
Egypt,2026-09-08T08:00:00+00:00,2026-09-08,20,-1.4524
Sudan,2026-09-08T08:00:00+00:00,2026-09-08,3,-1.0603
Haiti,2026-09-08T08:00:00+00:00,2026-09-08,0,
Thailand,2026-09-08T08:00:00+00:00,2026-09-08,14,1.0177
Turkey,2026-09-08T07:00:00+00:00,2026-09-08,2,-2.9561
Ukraine,2026-09-08T07:00:00+00:00,2026-09-08,31,-2.0451
Lebanon,2026-09-08T07:00:00+00:00,2026-09-08,2,-2.5344
Israel,2026-09-08T07:00:00+00:00,2026-09-08,18,-0.9416
Egypt,2026-09-08T07:00:00+00:00,2026-09-08,10,-4.2394
Sudan,2026-09-08T07:00:00+00:00,2026-09-08,1,-3.1915
Haiti,2026-09-08T07:00:00+00:00,2026-09-08,1,1.6807
Thailand,2026-09-08T07:00:00+00:00,2026-09-08,13,-0.2848
Turkey,2026-09-08T06:00:00+00:00,2026-09-08,9,-3.4949
Ukraine,2026-09-08T06:00:00+00:00,2026-09-08,24,-2.371
Lebanon,2026-09-08T06:00:00+00:00,2026-09-08,9,-4.8583
Israel,2026-09-08T06:00:00+00:00,2026-09-08,48,-3.8646
Egypt,2026-09-08T06:00:00+00:00,2026-09-08,13,-3.4515
Sudan,2026-09-08T06:00:00+00:00,2026-09-08,3,-2.7671
Haiti,2026-09-08T06:00:00+00:00,2026-09-08,0,
Thailand,2026-09-08T06:00:00+00:00,2026-09-08,9,0.911
Turkey,2026-09-08T05:00:00+00:00,2026-09-08,3,-2.8606
Ukraine,2026-09-08T05:00:00+00:00,2026-09-08,20,-1.0569
Lebanon,2026-09-08T05:00:00+00:00,2026-09-08,5,-3.7667
Israel,2026-09-08T05:00:00+00:00,2026-09-08,19,-3.2098
Egypt,2026-09-08T05:00:00+00:00,2026-09-08,10,0.9865
Sudan,2026-09-08T05:00:00+00:00,2026-09-08,1,-4.6341
Haiti,2026-09-08T05:00:00+00:00,2026-09-08,1,-1.1719
Thailand,2026-09-08T05:00:00+00:00,2026-09-08,4,2.5362
Turkey,2026-09-08T04:00:00+00:00,2026-09-08,6,-2.8734
Ukraine,2026-09-08T04:00:00+00:00,2026-09-08,22,-1.1581
Lebanon,2026-09-08T04:00:00+00:00,2026-09-08,6,-5.6812
Israel,2026-09-08T04:00:00+00:00,2026-09-08,30,-3.5214
Egypt,2026-09-08T04:00:00+00:00,2026-09-08,9,-0.3877
Sudan,2026-09-08T04:00:00+00:00,2026-09-08,2,-1.8558
Haiti,2026-09-08T04:00:00+00:00,2026-09-08,2,-3.9155
Thailand,2026-09-08T04:00:00+00:00,2026-09-08,12,2.7993
Turkey,2026-09-08T03:00:00+00:00,2026-09-08,7,-7.196
Ukraine,2026-09-08T03:00:00+00:00,2026-09-08,22,-2.0052
Lebanon,2026-09-08T03:00:00+00:00,2026-09-08,4,-4.7014
Israel,2026-09-08T03:00:00+00:00,2026-09-08,18,-2.7045
Egypt,2026-09-08T03:00:00+00:00,2026-09-08,7,-0.3358
Sudan,2026-09-08T03:00:00+00:00,2026-09-08,1,-4.893
Haiti,2026-09-08T03:00:00+00:00,2026-09-08,1,0.3175
Thailand,2026-09-08T03:00:00+00:00,2026-09-08,6,0.6337
Turkey,2026-09-08T02:00:00+00:00,2026-09-08,10,-5.3809
Ukraine,2026-09-08T02:00:00+00:00,2026-09-08,28,-1.7627
Lebanon,2026-09-08T02:00:00+00:00,2026-09-08,6,-4.8842
Israel,2026-09-08T02:00:00+00:00,2026-09-08,28,-4.397
Egypt,2026-09-08T02:00:00+00:00,2026-09-08,6,-3.6632
Sudan,2026-09-08T02:00:00+00:00,2026-09-08,0,
Haiti,2026-09-08T02:00:00+00:00,2026-09-08,2,-6.211
Thailand,2026-09-08T02:00:00+00:00,2026-09-08,4,0.8483
Turkey,2026-09-08T01:00:00+00:00,2026-09-08,8,-5.2224
Ukraine,2026-09-08T01:00:00+00:00,2026-09-08,19,-2.6985
Lebanon,2026-09-08T01:00:00+00:00,2026-09-08,3,-3.3058
Israel,2026-09-08T01:00:00+00:00,2026-09-08,27,-4.2092
Egypt,2026-09-08T01:00:00+00:00,2026-09-08,2,-4.4956
Sudan,2026-09-08T01:00:00+00:00,2026-09-08,0,
Haiti,2026-09-08T01:00:00+00:00,2026-09-08,2,0.2086
Thailand,2026-09-08T01:00:00+00:00,2026-09-08,1,2.5229
Turkey,2026-09-08T00:00:00+00:00,2026-09-08,9,-5.1894
Ukraine,2026-09-08T00:00:00+00:00,2026-09-08,19,-2.1561
Lebanon,2026-09-08T00:00:00+00:00,2026-09-08,5,-4.8258
Israel,2026-09-08T00:00:00+00:00,2026-09-08,37,-4.5872
Egypt,2026-09-08T00:00:00+00:00,2026-09-08,5,-3.8682
Sudan,2026-09-08T00:00:00+00:00,2026-09-08,3,-4.3954
Haiti,2026-09-08T00:00:00+00:00,2026-09-08,0,
Thailand,2026-09-08T00:00:00+00:00,2026-09-08,1,-2.5262
Turkey,2026-09-07T23:00:00+00:00,2026-09-07,10,-4.2883
Ukraine,2026-09-07T23:00:00+00:00,2026-09-07,31,-3.2752
Lebanon,2026-09-07T23:00:00+00:00,2026-09-07,0,
Israel,2026-09-07T23:00:00+00:00,2026-09-07,28,-2.3646
Egypt,2026-09-07T23:00:00+00:00,2026-09-07,3,-2.0581
Sudan,2026-09-07T23:00:00+00:00,2026-09-07,0,
Haiti,2026-09-07T23:00:00+00:00,2026-09-07,1,3.8017
Thailand,2026-09-07T23:00:00+00:00,2026-09-07,3,1.6252
Turkey,2026-09-07T22:00:00+00:00,2026-09-07,8,-2.264
Ukraine,2026-09-07T22:00:00+00:00,2026-09-07,23,-2.5385
Lebanon,2026-09-07T22:00:00+00:00,2026-09-07,2,-2.7199
Israel,2026-09-07T22:00:00+00:00,2026-09-07,24,-3.1333
Egypt,2026-09-07T22:00:00+00:00,2026-09-07,8,-4.0005
Sudan,2026-09-07T22:00:00+00:00,2026-09-07,0,
Haiti,2026-09-07T22:00:00+00:00,2026-09-07,1,4.7181
Thailand,2026-09-07T22:00:00+00:00,2026-09-07,2,0.4015
Turkey,2026-09-07T21:00:00+00:00,2026-09-07,7,-3.6429
Ukraine,2026-09-07T21:00:00+00:00,2026-09-07,29,-1.6354
Lebanon,2026-09-07T21:00:00+00:00,2026-09-07,7,-2.8135
Israel,2026-09-07T21:00:00+00:00,2026-09-07,31,-1.4328
Egypt,2026-09-07T21:00:00+00:00,2026-09-07,9,-0.8117
Sudan,2026-09-07T21:00:00+00:00,2026-09-07,2,-3.6134
Haiti,2026-09-07T21:00:00+00:00,2026-09-07,2,1.6052
Thailand,2026-09-07T21:00:00+00:00,2026-09-07,4,-2.0405
Turkey,2026-09-07T20:00:00+00:00,2026-09-07,13,-3.2524
Ukraine,2026-09-07T20:00:00+00:00,2026-09-07,27,-3.7488
Lebanon,2026-09-07T20:00:00+00:00,2026-09-07,9,-2.5597
Israel,2026-09-07T20:00:00+00:00,2026-09-07,50,-1.7905
Egypt,2026-09-07T20:00:00+00:00,2026-09-07,8,0.7988
Sudan,2026-09-07T20:00:00+00:00,2026-09-07,3,-4.0733
Haiti,2026-09-07T20:00:00+00:00,2026-09-07,4,-0.0945
Thailand,2026-09-07T20:00:00+00:00,2026-09-07,4,-0.3211
Turkey,2026-09-07T19:00:00+00:00,2026-09-07,6,2.1734
Ukraine,2026-09-07T19:00:00+00:00,2026-09-07,21,-3.453
Lebanon,2026-09-07T19:00:00+00:00,2026-09-07,14,-5.8358
Israel,2026-09-07T19:00:00+00:00,2026-09-07,38,-4.1887
Egypt,2026-09-07T19:00:00+00:00,2026-09-07,15,-0.8524
Sudan,2026-09-07T19:00:00+00:00,2026-09-07,1,-3.3537
Haiti,2026-09-07T19:00:00+00:00,2026-09-07,2,0.1991
Thailand,2026-09-07T19:00:00+00:00,2026-09-07,10,-2.2878
Turkey,2026-09-07T18:00:00+00:00,2026-09-07,8,0.2776
Ukraine,2026-09-07T18:00:00+00:00,2026-09-07,22,-1.4455
Lebanon,2026-09-07T18:00:00+00:00,2026-09-07,5,-6.5638
Israel,2026-09-07T18:00:00+00:00,2026-09-07,18,-2.4414
Egypt,2026-09-07T18:00:00+00:00,2026-09-07,15,-0.6554
Sudan,2026-09-07T18:00:00+00:00,2026-09-07,1,-4.1667
Haiti,2026-09-07T18:00:00+00:00,2026-09-07,2,-3.7239
Thailand,2026-09-07T18:00:00+00:00,2026-09-07,6,0.4805
Turkey,2026-09-07T17:00:00+00:00,2026-09-07,7,1.1128
Ukraine,2026-09-07T17:00:00+00:00,2026-09-07,20,-2.7438
Lebanon,2026-09-07T17:00:00+00:00,2026-09-07,9,-4.1652
Israel,2026-09-07T17:00:00+00:00,2026-09-07,38,-3.1109
Egypt,2026-09-07T17:00:00+00:00,2026-09-07,18,0.7469
Sudan,2026-09-07T17:00:00+00:00,2026-09-07,4,-4.0472
Haiti,2026-09-07T17:00:00+00:00,2026-09-07,0,
Thailand,2026-09-07T17:00:00+00:00,2026-09-07,8,2.2738
Turkey,2026-09-07T16:00:00+00:00,2026-09-07,14,-1.6105
Ukraine,2026-09-07T16:00:00+00:00,2026-09-07,28,-2.7825
Lebanon,2026-09-07T16:00:00+00:00,2026-09-07,9,-5.5645
Israel,2026-09-07T16:00:00+00:00,2026-09-07,44,-3.5464
Egypt,2026-09-07T16:00:00+00:00,2026-09-07,13,1.4333
Sudan,2026-09-07T16:00:00+00:00,2026-09-07,7,-6.2637
Haiti,2026-09-07T16:00:00+00:00,2026-09-07,1,-4.059
Thailand,2026-09-07T16:00:00+00:00,2026-09-07,7,1.1348
Turkey,2026-09-07T15:00:00+00:00,2026-09-07,4,1.7646
Ukraine,2026-09-07T15:00:00+00:00,2026-09-07,11,-0.471
Lebanon,2026-09-07T15:00:00+00:00,2026-09-07,6,-0.9441
Israel,2026-09-07T15:00:00+00:00,2026-09-07,19,-1.6647
Egypt,2026-09-07T15:00:00+00:00,2026-09-07,5,1.2863
Sudan,2026-09-07T15:00:00+00:00,2026-09-07,2,-1.7816
Haiti,2026-09-07T15:00:00+00:00,2026-09-07,0,
Thailand,2026-09-07T15:00:00+00:00,2026-09-07,5,2.2611
Turkey,2026-09-07T14:00:00+00:00,2026-09-07,30,-1.676
Ukraine,2026-09-07T14:00:00+00:00,2026-09-07,52,-1.959
Lebanon,2026-09-07T14:00:00+00:00,2026-09-07,19,-4.0093
Israel,2026-09-07T14:00:00+00:00,2026-09-07,63,-3.0397
Egypt,2026-09-07T14:00:00+00:00,2026-09-07,11,0.78
Sudan,2026-09-07T14:00:00+00:00,2026-09-07,5,-1.8073
Haiti,2026-09-07T14:00:00+00:00,2026-09-07,1,-7.0968
Thailand,2026-09-07T14:00:00+00:00,2026-09-07,8,-0.2613
Turkey,2026-09-07T13:00:00+00:00,2026-09-07,7,-0.0842
Ukraine,2026-09-07T13:00:00+00:00,2026-09-07,36,-1.7712
Lebanon,2026-09-07T13:00:00+00:00,2026-09-07,6,-5.7233
Israel,2026-09-07T13:00:00+00:00,2026-09-07,24,-2.6533
Egypt,2026-09-07T13:00:00+00:00,2026-09-07,15,-0.8186
Sudan,2026-09-07T13:00:00+00:00,2026-09-07,2,-0.8951
Haiti,2026-09-07T13:00:00+00:00,2026-09-07,0,
Thailand,2026-09-07T13:00:00+00:00,2026-09-07,8,1.6203
Turkey,2026-09-07T12:00:00+00:00,2026-09-07,7,-0.1184
Ukraine,2026-09-07T12:00:00+00:00,2026-09-07,44,-1.1119
Lebanon,2026-09-07T12:00:00+00:00,2026-09-07,23,-5.2013
Israel,2026-09-07T12:00:00+00:00,2026-09-07,61,-3.2322
Egypt,2026-09-07T12:00:00+00:00,2026-09-07,3,-4.2793
Sudan,2026-09-07T12:00:00+00:00,2026-09-07,0,
Haiti,2026-09-07T12:00:00+00:00,2026-09-07,0,
Thailand,2026-09-07T12:00:00+00:00,2026-09-07,6,-0.4803
