country,theme_code,category,article_count
Egypt,WB_2432_FRAGILITY_CONFLICT_AND_VIOLENCE,conflict,1107
Egypt,WB_2433_CONFLICT_AND_VIOLENCE,conflict,920
Egypt,ARMEDCONFLICT,conflict,814
Egypt,TERROR,conflict,459
Egypt,WB_2462_POLITICAL_VIOLENCE_AND_WAR,conflict,260
Egypt,UNREST_BELLIGERENT,conflict,240
Egypt,PROTEST,conflict,211
Egypt,WB_739_POLITICAL_VIOLENCE_AND_CIVIL_WAR,conflict,166
Egypt,NATURAL_DISASTER_FAMINE,disaster,131
Egypt,WB_2467_TERRORISM,conflict,61
Egypt,WB_2492_COUNTER_TERRORISM,conflict,59
Egypt,NATURAL_DISASTER_ICE,disaster,43
Egypt,NATURAL_DISASTER_VOLCANIC,disaster,41
Egypt,WB_2468_CONVENTIONAL_WAR,conflict,15
Egypt,NATURAL_DISASTER_DROUGHT,disaster,13
Egypt,NATURAL_DISASTER_EARTHQUAKE,disaster,13
Egypt,NATURAL_DISASTER_ICY,disaster,12
Egypt,NATURAL_DISASTER_FLOOD,disaster,9
Egypt,NATURAL_DISASTER_DROUGHTS,disaster,8
Egypt,NATURAL_DISASTER_ERUPTION,disaster,7
Egypt,WB_2510_WAR_CRIMES,conflict,7
Egypt,NATURAL_DISASTER_EXTREME_WEATHER,disaster,7
Egypt,NATURAL_DISASTER_FLOODS,disaster,7
Egypt,NATURAL_DISASTER_DROWNED,disaster,6
Egypt,NATURAL_DISASTER_MONSOON,disaster,5
Egypt,NATURAL_DISASTER_LAVA,disaster,5
Egypt,NATURAL_DISASTER_ERUPTIONS,disaster,5
Egypt,NATURAL_DISASTER_NATURAL_DISASTER,disaster,4
Egypt,NATURAL_DISASTER_FLOODING,disaster,4
Egypt,NATURAL_DISASTER_VOLCANO,disaster,4
Egypt,NATURAL_DISASTER_CYCLONE,disaster,4
Egypt,NATURAL_DISASTER_DROWNING,disaster,4
Egypt,NATURAL_DISASTER_EROSION,disaster,3
Egypt,NATURAL_DISASTER_TORNADO,disaster,3
Egypt,NATURAL_DISASTER_SEVERE_WEATHER,disaster,3
Egypt,NATURAL_DISASTER_TORNADOES,disaster,3
Egypt,NATURAL_DISASTER_NATURAL_DISASTERS,disaster,3
Egypt,NATURAL_DISASTER_DUST_STORM,disaster,3
Egypt,NATURAL_DISASTER_FLASH_FLOODS,disaster,3
Egypt,NATURAL_DISASTER_WILDFIRES,disaster,3
Egypt,NATURAL_DISASTER_FOREST_FIRES,disaster,2
Egypt,NATURAL_DISASTER_AVALANCHE,disaster,2
Egypt,NATURAL_DISASTER_POWERFUL_STORMS,disaster,2
Egypt,NATURAL_DISASTER_EARTHQUAKES,disaster,2
Egypt,NATURAL_DISASTER_HURRICANE,disaster,2
Egypt,NATURAL_DISASTER_TROPICAL_CYCLONES,disaster,2
Egypt,NATURAL_DISASTER_CYCLONES,disaster,2
Egypt,NATURAL_DISASTER_HEATWAVES,disaster,2
Egypt,NATURAL_DISASTER_HEATWAVE,disaster,2
Egypt,NATURAL_DISASTER_TSUNAMI,disaster,2
Egypt,NATURAL_DISASTER_FLOODED,disaster,2
Egypt,NATURAL_DISASTER_TYPHOON,disaster,1
Egypt,NATURAL_DISASTER_AVALANCHES,disaster,1
Egypt,NATURAL_DISASTER_WINTER_STORMS,disaster,1
Egypt,NATURAL_DISASTER_TIDAL_WAVE,disaster,1
Egypt,NATURAL_DISASTER_LANDSLIDES,disaster,1
Egypt,NATURAL_DISASTER_MUDFLOWS,disaster,1
Egypt,NATURAL_DISASTER_DROWN,disaster,1
Egypt,NATURAL_DISASTER_HEAVY_RAINS,disaster,1
Egypt,NATURAL_DISASTER_HEAT_WAVES,disaster,1
Egypt,NATURAL_DISASTER_HEAT_WAVE,disaster,1
Egypt,NATURAL_DISASTER_CHILL,disaster,1
Egypt,NATURAL_DISASTER_STORM_DAMAGE,disaster,1
Egypt,NATURAL_DISASTER_FLASH_FLOOD,disaster,1
Egypt,NATURAL_DISASTER_WATER_LEVEL,disaster,1
Haiti,WB_2432_FRAGILITY_CONFLICT_AND_VIOLENCE,conflict,163
Haiti,WB_2433_CONFLICT_AND_VIOLENCE,conflict,109
Haiti,ARMEDCONFLICT,conflict,86
Haiti,NATURAL_DISASTER_EARTHQUAKES,disaster,41
Haiti,NATURAL_DISASTER_ICE,disaster,39
Haiti,PROTEST,conflict,39
Haiti,NATURAL_DISASTER_NATURAL_DISASTERS,disaster,38
Haiti,TERROR,conflict,31
Haiti,NATURAL_DISASTER_EARTHQUAKE,disaster,22
Haiti,NATURAL_DISASTER_HYPOTHERMIA,disaster,21
Haiti,WB_2462_POLITICAL_VIOLENCE_AND_WAR,conflict,14
Haiti,UNREST_BELLIGERENT,conflict,12
Haiti,WB_2468_CONVENTIONAL_WAR,conflict,6
Haiti,NATURAL_DISASTER_HURRICANE,disaster,4
Haiti,NATURAL_DISASTER_EROSION,disaster,3
Haiti,WB_739_POLITICAL_VIOLENCE_AND_CIVIL_WAR,conflict,3
Haiti,WB_2467_TERRORISM,conflict,3
Haiti,NATURAL_DISASTER_LANDSLIDES,disaster,1
Haiti,WB_2492_COUNTER_TERRORISM,conflict,1
Haiti,NATURAL_DISASTER_HEAVY_RAIN,disaster,1
Haiti,NATURAL_DISASTER_HURRICANES,disaster,1
Haiti,NATURAL_DISASTER_NATURAL_DISASTER,disaster,1
Haiti,NATURAL_DISASTER_FLOOD,disaster,1
Haiti,NATURAL_DISASTER_HEAT_WAVE,disaster,1
Israel,ARMEDCONFLICT,conflict,3484
Israel,WB_2432_FRAGILITY_CONFLICT_AND_VIOLENCE,conflict,3457
Israel,WB_2433_CONFLICT_AND_VIOLENCE,conflict,2746
Israel,TERROR,conflict,2061
Israel,PROTEST,conflict,1161
Israel,WB_2462_POLITICAL_VIOLENCE_AND_WAR,conflict,1081
Israel,UNREST_BELLIGERENT,conflict,743
Israel,WB_2467_TERRORISM,conflict,523
Israel,WB_739_POLITICAL_VIOLENCE_AND_CIVIL_WAR,conflict,228
Israel,WB_2468_CONVENTIONAL_WAR,conflict,168
Israel,WB_2510_WAR_CRIMES,conflict,141
Israel,NATURAL_DISASTER_FAMINE,disaster,96
Israel,NATURAL_DISASTER_ICE,disaster,67
Israel,WB_2492_COUNTER_TERRORISM,conflict,60
Israel,NATURAL_DISASTER_EARTHQUAKE,disaster,53
Israel,NATURAL_DISASTER_EROSION,disaster,45
Israel,NATURAL_DISASTER_VOLCANIC,disaster,36
Israel,NATURAL_DISASTER_FLOODS,disaster,29
Israel,NATURAL_DISASTER_HURRICANE,disaster,26
Israel,NATURAL_DISASTER_CHILL,disaster,16
Israel,NATURAL_DISASTER_ERUPTION,disaster,14
Israel,NATURAL_DISASTER_FLOODING,disaster,14
Israel,NATURAL_DISASTER_FLOOD,disaster,14
Israel,NATURAL_DISASTER_LANDSLIDE,disaster,14
Israel,NATURAL_DISASTER_WILDFIRES,disaster,13
Israel,NATURAL_DISASTER_DROUGHT,disaster,9
Israel,NATURAL_DISASTER_FOREST_FIRES,disaster,7
Israel,NATURAL_DISASTER_TREMOR,disaster,7
Israel,NATURAL_DISASTER_TREMORS,disaster,7
Israel,NATURAL_DISASTER_STRONG_WINDS,disaster,6
Israel,NATURAL_DISASTER_ERUPTIONS,disaster,6
Israel,NATURAL_DISASTER_EARTHQUAKES,disaster,6
Israel,NATURAL_DISASTER_NATURAL_DISASTERS,disaster,6
Israel,NATURAL_DISASTER_LAVA,disaster,6
Israel,NATURAL_DISASTER_DROWNING,disaster,5
Israel,NATURAL_DISASTER_EXTREME_WEATHER,disaster,5
Israel,NATURAL_DISASTER_CYCLONE,disaster,5
Israel,NATURAL_DISASTER_HURRICANES,disaster,5
Israel,NATURAL_DISASTER_TROPICAL_CYCLONE,disaster,5
Israel,NATURAL_DISASTER_STORM_SYSTEM,disaster,5
Israel,NATURAL_DISASTER_TROPICAL_STORMS,disaster,5
Israel,NATURAL_DISASTER_TSUNAMI,disaster,5
Israel,NATURAL_DISASTER_VOLCANO,disaster,5
Israel,NATURAL_DISASTER_TIDAL_WAVE,disaster,4
Israel,NATURAL_DISASTER_WILDFIRE,disaster,4
Israel,NATURAL_DISASTER_FLOODED,disaster,4
Israel,NATURAL_DISASTER_HEATWAVES,disaster,4
Israel,NATURAL_DISASTER_MONSOON,disaster,3
Israel,NATURAL_DISASTER_DROWN,disaster,3
Israel,NATURAL_DISASTER_BLIZZARD,disaster,3
Israel,NATURAL_DISASTER_TYPHOON,disaster,2
Israel,NATURAL_DISASTER_HEAT_WAVES,disaster,2
Israel,NATURAL_DISASTER_HEAVY_RAIN,disaster,2
Israel,NATURAL_DISASTER_FLASH_FLOODS,disaster,2
Israel,NATURAL_DISASTER_DROWNED,disaster,2
Israel,NATURAL_DISASTER_HEAVY_SNOWFALL,disaster,2
Israel,NATURAL_DISASTER_HEAVY_WINDS,disaster,1
Israel,NATURAL_DISASTER_HEAVY_RAINS,disaster,1
Israel,NATURAL_DISASTER_NATURAL_DISASTER,disaster,1
Israel,NATURAL_DISASTER_DESERTIFICATION,disaster,1
Israel,NATURAL_DISASTER_AVALANCHE,disaster,1
Israel,NATURAL_DISASTER_FOREST_BURNED,disaster,1
Israel,NATURAL_DISASTER_DROUGHTS,disaster,1
Israel,NATURAL_DISASTER_WATER_LEVEL,disaster,1
Israel,NATURAL_DISASTER_TORNADO,disaster,1
Israel,NATURAL_DISASTER_ICY,disaster,1
Israel,NATURAL_DISASTER_HEAVY_WIND,disaster,1
Israel,NATURAL_DISASTER_WHITEOUT,disaster,1
Israel,NATURAL_DISASTER_VOLCANOES,disaster,1
Israel,NATURAL_DISASTER_FRIGID,disaster,1
Israel,NATURAL_DISASTER_POWERFUL_STORM,disaster,1
Israel,NATURAL_DISASTER_WINTER_STORMS,disaster,1
Israel,NATURAL_DISASTER_FLOOD_WATER,disaster,1
Israel,NATURAL_DISASTER_HEAT_WAVE,disaster,1
Israel,NATURAL_DISASTER_HEATWAVE,disaster,1
Israel,NATURAL_DISASTER_AVALANCHES,disaster,1
Lebanon,ARMEDCONFLICT,conflict,663
Lebanon,WB_2432_FRAGILITY_CONFLICT_AND_VIOLENCE,conflict,627
Lebanon,WB_2433_CONFLICT_AND_VIOLENCE,conflict,519
Lebanon,TERROR,conflict,398
Lebanon,PROTEST,conflict,176
Lebanon,WB_2462_POLITICAL_VIOLENCE_AND_WAR,conflict,175
Lebanon,UNREST_BELLIGERENT,conflict,109
Lebanon,WB_739_POLITICAL_VIOLENCE_AND_CIVIL_WAR,conflict,89
Lebanon,WB_2467_TERRORISM,conflict,62
Lebanon,NATURAL_DISASTER_FAMINE,disaster,35
Lebanon,WB_2468_CONVENTIONAL_WAR,conflict,30
Lebanon,NATURAL_DISASTER_NATURAL_DISASTERS,disaster,26
Lebanon,NATURAL_DISASTER_EARTHQUAKES,disaster,25
Lebanon,WB_2492_COUNTER_TERRORISM,conflict,21
Lebanon,WB_2510_WAR_CRIMES,conflict,18
Lebanon,NATURAL_DISASTER_ICE,disaster,18
Lebanon,NATURAL_DISASTER_VOLCANIC,disaster,17
Lebanon,NATURAL_DISASTER_EARTHQUAKE,disaster,10
Lebanon,NATURAL_DISASTER_EROSION,disaster,8
Lebanon,NATURAL_DISASTER_TREMOR,disaster,6
Lebanon,NATURAL_DISASTER_TREMORS,disaster,6
Lebanon,NATURAL_DISASTER_FLOOD,disaster,4
Lebanon,NATURAL_DISASTER_DROWNING,disaster,3
Lebanon,NATURAL_DISASTER_STRONG_WINDS,disaster,3
Lebanon,NATURAL_DISASTER_FLOODING,disaster,3
Lebanon,NATURAL_DISASTER_FLOODS,disaster,3
Lebanon,NATURAL_DISASTER_WILDFIRES,disaster,2
Lebanon,NATURAL_DISASTER_NATURAL_DISASTER,disaster,1
Lebanon,NATURAL_DISASTER_ERUPTIONS,disaster,1
Lebanon,NATURAL_DISASTER_ERUPTION,disaster,1
Lebanon,NATURAL_DISASTER_SEVERE_WEATHER,disaster,1
Lebanon,NATURAL_DISASTER_DROUGHT,disaster,1
Lebanon,NATURAL_DISASTER_DROWNED,disaster,1
Lebanon,NATURAL_DISASTER_HEATWAVES,disaster,1
Lebanon,NATURAL_DISASTER_TORNADO,disaster,1
Lebanon,NATURAL_DISASTER_FLOODED,disaster,1
Lebanon,NATURAL_DISASTER_TIDAL_WAVE,disaster,1
Lebanon,NATURAL_DISASTER_FOREST_FIRES,disaster,1
Lebanon,NATURAL_DISASTER_HEAVY_RAIN,disaster,1
Lebanon,NATURAL_DISASTER_WILDFIRE,disaster,1
Sudan,WB_2432_FRAGILITY_CONFLICT_AND_VIOLENCE,conflict,274
Sudan,WB_2433_CONFLICT_AND_VIOLENCE,conflict,238
Sudan,ARMEDCONFLICT,conflict,214
Sudan,TERROR,conflict,115
Sudan,WB_2462_POLITICAL_VIOLENCE_AND_WAR,conflict,93
Sudan,UNREST_BELLIGERENT,conflict,72
Sudan,WB_2467_TERRORISM,conflict,50
Sudan,PROTEST,conflict,40
Sudan,WB_739_POLITICAL_VIOLENCE_AND_CIVIL_WAR,conflict,26
Sudan,NATURAL_DISASTER_NATURAL_DISASTERS,disaster,26
Sudan,NATURAL_DISASTER_EARTHQUAKES,disaster,25
Sudan,NATURAL_DISASTER_FAMINE,disaster,24
Sudan,NATURAL_DISASTER_ICE,disaster,16
Sudan,NATURAL_DISASTER_FLOODS,disaster,8
Sudan,WB_2510_WAR_CRIMES,conflict,7
Sudan,NATURAL_DISASTER_WILDFIRES,disaster,5
Sudan,WB_2468_CONVENTIONAL_WAR,conflict,5
Sudan,NATURAL_DISASTER_VOLCANO,disaster,4
Sudan,NATURAL_DISASTER_DROUGHT,disaster,4
Sudan,NATURAL_DISASTER_FLOODING,disaster,3
Sudan,NATURAL_DISASTER_FLOOD,disaster,2
Sudan,NATURAL_DISASTER_LANDSLIDE,disaster,2
Sudan,NATURAL_DISASTER_HEATWAVES,disaster,2
Sudan,WB_2492_COUNTER_TERRORISM,conflict,2
Sudan,NATURAL_DISASTER_HEAVY_RAINS,disaster,2
Sudan,NATURAL_DISASTER_LANDSLIDES,disaster,1
Sudan,NATURAL_DISASTER_MONSOON,disaster,1
Sudan,NATURAL_DISASTER_FLASH_FLOOD,disaster,1
Sudan,NATURAL_DISASTER_FLOODWATERS,disaster,1
Sudan,NATURAL_DISASTER_AVALANCHES,disaster,1
Sudan,NATURAL_DISASTER_STRONG_WINDS,disaster,1
Sudan,NATURAL_DISASTER_FLASH_FLOODS,disaster,1
Sudan,NATURAL_DISASTER_DESERTIFICATION,disaster,1
Sudan,NATURAL_DISASTER_DEEP_FREEZE,disaster,1
Sudan,NATURAL_DISASTER_DROUGHTS,disaster,1
Sudan,NATURAL_DISASTER_TSUNAMI,disaster,1
Sudan,NATURAL_DISASTER_WILDFIRE,disaster,1
Thailand,WB_2432_FRAGILITY_CONFLICT_AND_VIOLENCE,conflict,335
Thailand,WB_2433_CONFLICT_AND_VIOLENCE,conflict,212
Thailand,ARMEDCONFLICT,conflict,160
Thailand,PROTEST,conflict,58
Thailand,WB_2462_POLITICAL_VIOLENCE_AND_WAR,conflict,44
Thailand,UNREST_BELLIGERENT,conflict,38
Thailand,TERROR,conflict,38
Thailand,NATURAL_DISASTER_ICE,disaster,37
Thailand,WB_2492_COUNTER_TERRORISM,conflict,26
Thailand,NATURAL_DISASTER_TYPHOON,disaster,12
Thailand,NATURAL_DISASTER_EXTREME_WEATHER,disaster,12
Thailand,NATURAL_DISASTER_MONSOON,disaster,10
Thailand,NATURAL_DISASTER_FLOODING,disaster,9
Thailand,NATURAL_DISASTER_TYPHOONS,disaster,9
Thailand,NATURAL_DISASTER_FLOOD,disaster,9
Thailand,NATURAL_DISASTER_FLOODS,disaster,8
Thailand,NATURAL_DISASTER_TORRENTIAL_RAINS,disaster,8
Thailand,WB_2467_TERRORISM,conflict,6
Thailand,NATURAL_DISASTER_LANDSLIDES,disaster,6
Thailand,NATURAL_DISASTER_EARTHQUAKE,disaster,6
Thailand,NATURAL_DISASTER_WILDFIRES,disaster,6
Thailand,NATURAL_DISASTER_HEAVY_RAIN,disaster,5
Thailand,NATURAL_DISASTER_LANDSLIDE,disaster,4
Thailand,NATURAL_DISASTER_FLASH_FLOODS,disaster,4
Thailand,WB_739_POLITICAL_VIOLENCE_AND_CIVIL_WAR,conflict,4
Thailand,NATURAL_DISASTER_ERUPTION,disaster,3
Thailand,NATURAL_DISASTER_DROUGHT,disaster,3
Thailand,WB_2468_CONVENTIONAL_WAR,conflict,3
Thailand,NATURAL_DISASTER_ICY,disaster,2
Thailand,NATURAL_DISASTER_TSUNAMI,disaster,2
Thailand,NATURAL_DISASTER_EROSION,disaster,2
Thailand,NATURAL_DISASTER_HIGH_WATER,disaster,2
Thailand,NATURAL_DISASTER_NATURAL_DISASTERS,disaster,2
Thailand,NATURAL_DISASTER_VOLCANIC,disaster,2
Thailand,NATURAL_DISASTER_CHILL,disaster,2
Thailand,NATURAL_DISASTER_FOREST_FIRES,disaster,2
Thailand,NATURAL_DISASTER_ERUPTIONS,disaster,1
Thailand,NATURAL_DISASTER_HEAVY_RAINS,disaster,1
Thailand,NATURAL_DISASTER_NATURAL_DISASTER,disaster,1
Thailand,NATURAL_DISASTER_DROWN,disaster,1
Thailand,NATURAL_DISASTER_TREMORS,disaster,1
Thailand,NATURAL_DISASTER_DAM_FAILURE,disaster,1
Thailand,NATURAL_DISASTER_FAMINE,disaster,1
Thailand,NATURAL_DISASTER_EARTHQUAKES,disaster,1
Thailand,NATURAL_DISASTER_FLOODWATERS,disaster,1
Thailand,NATURAL_DISASTER_FLOODED,disaster,1
Thailand,NATURAL_DISASTER_DESERTIFICATION,disaster,1
Thailand,NATURAL_DISASTER_INTENSE_RAINFALL,disaster,1
Thailand,NATURAL_DISASTER_CYCLONE,disaster,1
Thailand,NATURAL_DISASTER_TROPICAL_CYCLONE,disaster,1
Thailand,NATURAL_DISASTER_FOREST_FIRE,disaster,1
Thailand,NATURAL_DISASTER_HEAVY_WIND,disaster,1
Thailand,NATURAL_DISASTER_WHITEOUT,disaster,1
Thailand,NATURAL_DISASTER_SEVERE_COLD,disaster,1
Thailand,NATURAL_DISASTER_VOLCANOES,disaster,1
Thailand,NATURAL_DISASTER_VOLCANO,disaster,1
Thailand,NATURAL_DISASTER_STRONG_WINDS,disaster,1
Thailand,NATURAL_DISASTER_MONSOON_RAINS,disaster,1
Thailand,NATURAL_DISASTER_HURRICANE,disaster,1
Thailand,NATURAL_DISASTER_LAVA,disaster,1
Thailand,NATURAL_DISASTER_FLOODWATER,disaster,1
Thailand,NATURAL_DISASTER_WATER_LEVEL,disaster,1
Turkey,WB_2432_FRAGILITY_CONFLICT_AND_VIOLENCE,conflict,599
Turkey,ARMEDCONFLICT,conflict,522
Turkey,WB_2433_CONFLICT_AND_VIOLENCE,conflict,486
Turkey,TERROR,conflict,279
Turkey,UNREST_BELLIGERENT,conflict,240
Turkey,WB_2462_POLITICAL_VIOLENCE_AND_WAR,conflict,163
Turkey,PROTEST,conflict,122
Turkey,WB_2467_TERRORISM,conflict,67
Turkey,WB_2468_CONVENTIONAL_WAR,conflict,32
Turkey,NATURAL_DISASTER_EROSION,disaster,27
Turkey,NATURAL_DISASTER_ICE,disaster,25
Turkey,WB_739_POLITICAL_VIOLENCE_AND_CIVIL_WAR,conflict,25
Turkey,WB_2492_COUNTER_TERRORISM,conflict,21
Turkey,NATURAL_DISASTER_WILDFIRES,disaster,19
Turkey,WB_2510_WAR_CRIMES,conflict,10
Turkey,NATURAL_DISASTER_FLOODS,disaster,10
Turkey,NATURAL_DISASTER_FLOOD,disaster,9
Turkey,NATURAL_DISASTER_DROUGHT,disaster,9
Turkey,NATURAL_DISASTER_WILDFIRE,disaster,8
Turkey,NATURAL_DISASTER_EARTHQUAKE,disaster,7
Turkey,NATURAL_DISASTER_EARTHQUAKES,disaster,7
Turkey,NATURAL_DISASTER_EXTREME_WEATHER,disaster,7
Turkey,NATURAL_DISASTER_STRONG_WINDS,disaster,6
Turkey,NATURAL_DISASTER_DROUGHTS,disaster,5
Turkey,NATURAL_DISASTER_VOLCANIC,disaster,5
Turkey,NATURAL_DISASTER_FOREST_FIRES,disaster,4
Turkey,NATURAL_DISASTER_HEATWAVES,disaster,4
Turkey,NATURAL_DISASTER_FLASH_FLOODS,disaster,4
Turkey,NATURAL_DISASTER_HURRICANE,disaster,3
Turkey,NATURAL_DISASTER_MONSOON,disaster,3
Turkey,NATURAL_DISASTER_FOREST_FIRE,disaster,3
Turkey,NATURAL_DISASTER_FAMINE,disaster,2
Turkey,NATURAL_DISASTER_SEVERE_WEATHER,disaster,2
Turkey,NATURAL_DISASTER_FLOODING,disaster,2
Turkey,NATURAL_DISASTER_ICY,disaster,2
Turkey,NATURAL_DISASTER_CYCLONE,disaster,2
Turkey,NATURAL_DISASTER_TROPICAL_STORMS,disaster,2
Turkey,NATURAL_DISASTER_TROPICAL_CYCLONE,disaster,2
Turkey,NATURAL_DISASTER_TYPHOON,disaster,2
Turkey,NATURAL_DISASTER_LANDSLIDES,disaster,2
Turkey,NATURAL_DISASTER_NATURAL_DISASTERS,disaster,2
Turkey,NATURAL_DISASTER_FLOODED,disaster,2
Turkey,NATURAL_DISASTER_VIOLENT_STORM,disaster,1
Turkey,NATURAL_DISASTER_TWISTER,disaster,1
Turkey,NATURAL_DISASTER_DESERTIFICATION,disaster,1
Turkey,NATURAL_DISASTER_HEAVY_RAINS,disaster,1
Turkey,NATURAL_DISASTER_WATER_LEVEL,disaster,1
Turkey,NATURAL_DISASTER_DROWNED,disaster,1
Turkey,NATURAL_DISASTER_TREMOR,disaster,1
Turkey,NATURAL_DISASTER_TROPICAL_CYCLONES,disaster,1
Turkey,NATURAL_DISASTER_CYCLONES,disaster,1
Turkey,NATURAL_DISASTER_HEATWAVE,disaster,1
Turkey,NATURAL_DISASTER_BLIZZARD,disaster,1
Turkey,NATURAL_DISASTER_TORNADO,disaster,1
Turkey,NATURAL_DISASTER_TORRENTIAL_RAIN,disaster,1
Turkey,NATURAL_DISASTER_TYPHOONS,disaster,1
Turkey,NATURAL_DISASTER_NATURAL_DISASTER,disaster,1
Turkey,NATURAL_DISASTER_MUDFLOWS,disaster,1
Turkey,NATURAL_DISASTER_AVALANCHE,disaster,1
Turkey,NATURAL_DISASTER_CHILL,disaster,1
Turkey,NATURAL_DISASTER_VOLCANO,disaster,1
Turkey,NATURAL_DISASTER_ERUPTION,disaster,1
Turkey,NATURAL_DISASTER_HURRICANES,disaster,1
Turkey,NATURAL_DISASTER_POWERFUL_STORMS,disaster,1
Turkey,NATURAL_DISASTER_MONSOON_RAINS,disaster,1
Ukraine,ARMEDCONFLICT,conflict,2556
Ukraine,WB_2432_FRAGILITY_CONFLICT_AND_VIOLENCE,conflict,2133
Ukraine,WB_2433_CONFLICT_AND_VIOLENCE,conflict,1586
Ukraine,TERROR,conflict,604
Ukraine,UNREST_BELLIGERENT,conflict,565
Ukraine,WB_2462_POLITICAL_VIOLENCE_AND_WAR,conflict,472
Ukraine,PROTEST,conflict,373
Ukraine,WB_2467_TERRORISM,conflict,87
Ukraine,WB_2510_WAR_CRIMES,conflict,48
Ukraine,NATURAL_DISASTER_ICE,disaster,45
Ukraine,WB_2468_CONVENTIONAL_WAR,conflict,43
Ukraine,WB_739_POLITICAL_VIOLENCE_AND_CIVIL_WAR,conflict,42
Ukraine,NATURAL_DISASTER_BLIZZARD,disaster,39
Ukraine,NATURAL_DISASTER_EROSION,disaster,35
Ukraine,NATURAL_DISASTER_HURRICANE,disaster,28
Ukraine,WB_2492_COUNTER_TERRORISM,conflict,24
Ukraine,NATURAL_DISASTER_WILDFIRES,disaster,21
Ukraine,NATURAL_DISASTER_HURRICANES,disaster,21
Ukraine,NATURAL_DISASTER_NATURAL_DISASTERS,disaster,21
Ukraine,NATURAL_DISASTER_DROUGHT,disaster,20
Ukraine,NATURAL_DISASTER_EARTHQUAKES,disaster,18
Ukraine,NATURAL_DISASTER_FLOODING,disaster,17
Ukraine,NATURAL_DISASTER_EXTREME_WEATHER,disaster,16
Ukraine,NATURAL_DISASTER_DROUGHTS,disaster,14
Ukraine,NATURAL_DISASTER_EARTHQUAKE,disaster,13
Ukraine,NATURAL_DISASTER_FLOODS,disaster,12
Ukraine,NATURAL_DISASTER_FLOOD,disaster,10
Ukraine,NATURAL_DISASTER_ICY,disaster,9
Ukraine,NATURAL_DISASTER_LANDSLIDE,disaster,8
Ukraine,NATURAL_DISASTER_MONSOON,disaster,7
Ukraine,NATURAL_DISASTER_DROWNED,disaster,7
Ukraine,NATURAL_DISASTER_FLOODED,disaster,6
Ukraine,NATURAL_DISASTER_ERUPTION,disaster,6
Ukraine,NATURAL_DISASTER_WILDFIRE,disaster,5
Ukraine,NATURAL_DISASTER_FOREST_FIRES,disaster,4
Ukraine,NATURAL_DISASTER_STRONG_WINDS,disaster,4
Ukraine,NATURAL_DISASTER_VOLCANIC,disaster,4
Ukraine,NATURAL_DISASTER_HEATWAVES,disaster,4
Ukraine,NATURAL_DISASTER_CHILL,disaster,4
Ukraine,NATURAL_DISASTER_FAMINE,disaster,3
Ukraine,NATURAL_DISASTER_ERUPTIONS,disaster,3
Ukraine,NATURAL_DISASTER_HEAVY_RAIN,disaster,3
Ukraine,NATURAL_DISASTER_TORNADO,disaster,3
Ukraine,NATURAL_DISASTER_TORNADOES,disaster,3
Ukraine,NATURAL_DISASTER_FREEZING_TEMPERATURES,disaster,3
Ukraine,NATURAL_DISASTER_MONSOON_RAINS,disaster,3
Ukraine,NATURAL_DISASTER_VOLCANO,disaster,3
Ukraine,NATURAL_DISASTER_HEAT_WAVES,disaster,2
Ukraine,NATURAL_DISASTER_DESERTIFICATION,disaster,2
Ukraine,NATURAL_DISASTER_TWISTER,disaster,2
Ukraine,NATURAL_DISASTER_LANDSLIDES,disaster,2
Ukraine,NATURAL_DISASTER_STORM_SURGES,disaster,2
Ukraine,NATURAL_DISASTER_TORRENTIAL_RAINS,disaster,2
Ukraine,NATURAL_DISASTER_VIOLENT_STORMS,disaster,2
Ukraine,NATURAL_DISASTER_TSUNAMI,disaster,2
Ukraine,NATURAL_DISASTER_TYPHOON,disaster,2
Ukraine,NATURAL_DISASTER_LAVA,disaster,2
Ukraine,NATURAL_DISASTER_CYCLONE,disaster,1
Ukraine,NATURAL_DISASTER_HEAVY_RAINS,disaster,1
Ukraine,NATURAL_DISASTER_COLD_SNAP,disaster,1
Ukraine,NATURAL_DISASTER_DROWN,disaster,1
Ukraine,NATURAL_DISASTER_WATER_LEVEL,disaster,1
Ukraine,NATURAL_DISASTER_LOCUST,disaster,1
Ukraine,NATURAL_DISASTER_TWISTERS,disaster,1
Ukraine,NATURAL_DISASTER_FRIGID,disaster,1
Ukraine,NATURAL_DISASTER_NATURAL_DISASTER,disaster,1
Ukraine,NATURAL_DISASTER_HEAVY_WIND,disaster,1
Ukraine,NATURAL_DISASTER_WHITEOUT,disaster,1
Ukraine,NATURAL_DISASTER_SEVERE_WEATHER,disaster,1
Ukraine,NATURAL_DISASTER_HEAT_WAVE,disaster,1
Ukraine,NATURAL_DISASTER_VOLCANOES,disaster,1
Ukraine,NATURAL_DISASTER_POWERFUL_STORM,disaster,1
Ukraine,NATURAL_DISASTER_FOREST_FIRE,disaster,1
Ukraine,NATURAL_DISASTER_DROWNING,disaster,1
Ukraine,NATURAL_DISASTER_HYPOTHERMIA,disaster,1
Ukraine,NATURAL_DISASTER_TROPICAL_STORMS,disaster,1
