icao24,callsign,origin_country,time_position,longitude,latitude,baro_altitude,on_ground,velocity
4bc8c8,PGT741B,Turkey,1789370434,28.849,41.5425,7886.7,False,204.88
4bc8c9,PGT4VH,Turkey,1789370431,30.6633,40.3252,7574.28,False,167.84
4bc8c2,PGT29SB,Turkey,1789370408,27.2829,38.3279,3055.62,False,150.31
4bc8c3,PGT66NH,Turkey,1789370434,28.7871,37.6522,5882.64,False,188.8
4bc8d0,PGT166F,Turkey,1789370254,35.4123,39.3086,10363.2,False,214.27
4bc8d3,PGT48HQ,Turkey,1789370433,21.4228,43.6802,10355.58,False,213.56
4bc8a7,TCREG,Turkey,1789370435,30.8816,37.3111,4975.86,False,172.52
4bc8ce,PGT65G,Turkey,1789370435,20.1682,46.4434,10355.58,False,218.44
4bc8cb,PGT93HX,Turkey,1789370434,1.0716,51.9966,3329.94,False,144.92
4bc8e2,PGT93MQ,Turkey,1789370434,11.4679,49.5117,10675.62,False,245.48
4bc8da,PGT274C,Turkey,1789370433,22.0876,45.4638,10370.82,False,208.26
8851ec,THA324,Thailand,1789370434,84.1048,24.5485,11277.6,False,226.88
4bb4f4,MGH875,Turkey,1789370434,19.6327,49.8424,10363.2,False,225.4
4bb4f2,MGH196,Turkey,1789370435,18.922,47.1311,11582.4,False,215.87
4bb4f0,MGH877,Turkey,1789370434,29.0408,41.2376,10363.2,False,226.78
4bb4ee,MGH187,Turkey,1789370433,30.772,38.1559,8275.32,False,230.51
4bb4e3,MGH135,Turkey,1789370433,29.36,40.3598,10972.8,False,226.52
885302,THA133,Thailand,1789370433,100.0653,18.4009,8884.92,False,237.19
88530b,THA110,Thailand,1789370431,99.8584,15.4438,9585.96,False,234.35
88530e,THA107,Thailand,1789370434,100.7195,14.4339,4693.92,False,150.84
88530d,THA211,Thailand,1789370434,100.441,13.2686,4244.34,False,195.35
88530a,THA208,Thailand,1789370426,100.8249,13.9349,830.58,False,98.59
885315,THA571,Thailand,1789370434,100.7965,13.8272,792.48,False,90.21
4bc852,PGT86TT,Turkey,1789370434,28.2641,41.9151,9852.66,False,213.34
4bc84f,PGT713L,Turkey,1789370435,29.3936,40.6238,3764.28,False,149.47
4bc84c,PGT250,Turkey,1789370432,18.4994,44.5187,2522.22,False,125.31
4bc84d,PGT388,Turkey,1789370431,29.5739,41.1419,3276.6,False,165.86
4bc84a,PGT27MP,Turkey,1789370434,17.1052,45.4339,10972.8,False,226.97
4bc84b,PGT40PJ,Turkey,1789370432,29.6121,41.0379,2301.24,False,140.97
739347,4XCNZ,Israel,1789370435,33.0205,32.828,10363.2,False,187.06
4bc847,PGT142G,Turkey,1789370433,24.0211,43.3912,10363.2,False,211.13
4bc846,PGT905,Turkey,1789370434,16.6087,48.0477,373.38,False,63.67
4bc843,PGT1133,Turkey,1789370434,24.5888,42.9084,10355.58,False,205.7
4bc841,PGT1913,Turkey,,,,,False,2.83
4bc88a,PGT41LW,Turkey,1789370380,29.2365,40.8605,373.38,False,85.82
4bc88b,PGT90KU,Turkey,1789370434,29.5181,40.9753,1851.66,False,144.96
4bb567,CAI3VT,Turkey,1789370434,21.9714,48.3136,10363.2,False,222.17
4bc88f,PGT35R,Turkey,1789370435,7.2784,51.5325,2872.74,False,144.17
4bc89a,PGT84R,Turkey,1789370434,39.2514,40.6761,10363.2,False,212.69
4bc883,PGT1459,Turkey,1789370434,25.4609,43.1678,10058.4,False,249.35
4bc882,PGT749,Turkey,1789370434,31.8704,37.4098,10972.8,False,228.09
4bc889,PGT82MC,Turkey,1789370434,20.0382,43.6017,10972.8,False,208.34
4bc885,PGT75CK,Turkey,1789370434,27.7672,41.9699,10774.68,False,209.52
4bb564,CAI3CY,Turkey,1789368040,28.9864,42.3436,10363.2,False,220.31
4bc893,PGT45UG,Turkey,1789370434,29.5847,39.8347,6019.8,False,194.21
4bc890,PGT296Z,Turkey,1789370433,23.5738,43.1664,10363.2,False,204.86
73806d,ELY311,Israel,1789370434,2.7298,51.5929,7536.18,False,202.04
73806b,ELY337,Israel,1789370434,15.681,47.0065,10972.8,False,228.08
4bb47a,MNB1546,Turkey,1789370433,15.3107,40.6991,10972.8,False,230.03
738065,ELY2521,Israel,1789370434,15.4498,49.4261,6903.72,False,165.81
4bb475,MNB6560,Turkey,1789370286,48.9985,40.8047,11887.2,False,255.92
738063,ELY221,Israel,1789370166,16.5015,42.41,11582.4,False,218.81
738062,ELY5119,Israel,1789370434,20.1325,50.121,1470.66,False,99.85
738069,ELY2366,Israel,1789370431,19.251,47.4313,,True,3.34
73805b,ELY5108,Israel,1789370434,37.9083,40.0964,10972.8,False,208.17
738071,ELY323,Israel,1789370434,34.6114,32.0298,1783.08,False,143.03
738073,ELY083,Israel,,,,,False,240.8
73806a,ELY285,Israel,1789370434,27.3289,35.3448,10972.8,False,206.39
738050,ELY2371,Israel,1789370434,15.0667,50.6607,9448.8,False,210.32
738053,ELY319,Israel,1789370434,6.4867,46.6025,10972.8,False,214.29
738052,ELY357,Israel,1789370435,9.6697,49.7314,3870.96,False,177.39
738051,ELY393,Israel,1789370434,2.7689,41.2461,2103.12,False,131.58
738058,ELY223,Israel,1789370434,10.7405,42.7003,10226.04,False,204.69
738057,ELY381,Israel,1789370434,16.9176,41.0777,10363.2,False,221.67
738056,ELY347,Israel,1789370435,24.1784,39.9378,10363.2,False,217.58
738059,ELY2369,Israel,1789370434,25.5659,38.7235,10972.8,False,214.48
4ba184,TCHLD,Turkey,1789370433,28.2807,36.6735,1021.08,False,67.49
8840ee,,Thailand,1789370146,102.4744,4.9163,11269.98,False,228.34
739474,LHK06,Israel,1789370431,34.4999,33.103,205.74,False,73.2
4bd8d2,TKJ3QR,Turkey,1789369034,28.0394,42.5201,11582.4,False,209.89
4bd8cf,TKJ71C,Turkey,1789370435,23.5795,45.6195,10363.2,False,218.23
4bd8cd,TKJ8UF,Turkey,1789370397,38.367,39.6346,10363.2,False,215.59
4bd8cc,TKJ2GJ,Turkey,1789370434,27.1355,42.2745,10972.8,False,210.51
4bd8c9,,Turkey,1789370239,36.1792,39.1213,10363.2,False,213.55
4bd8c5,TKJ1XC,Turkey,1789370432,30.8971,40.2994,7955.28,False,164.79
4bd8c4,TKJ51D,Turkey,1789370434,17.5068,45.3535,10972.8,False,226.15
4bd8c3,TKJ35Z,Turkey,1789370433,26.6144,42.9112,10972.8,False,208.08
4bb2aa,TKJ7ZJ,Turkey,1789370361,36.528,40.7952,10370.82,False,195.49
4bb2ae,TKJ4SX,Turkey,1789370434,28.8234,40.6239,3169.92,False,164.14
4bb2ad,TKJ3WS,Turkey,1789369531,26.8749,43.383,10370.82,False,219.44
4bb2a1,TKJ7AX,Turkey,1789370434,20.6162,45.3265,10363.2,False,213.35
4bb2a5,TKJ9XD,Turkey,1789370433,19.9857,46.3563,10363.2,False,216.73
4bb2a3,TKJ48M,Turkey,1789370434,33.2467,35.4133,3345.18,False,171.61
4bb1e7,THY47G,Turkey,1789370434,34.7234,35.62,12192,False,216.75
4bb1e4,THY30S,Turkey,1789370435,11.2425,49.3337,11582.4,False,210.84
4bb1e5,THY3JL,Turkey,1789370434,11.8386,41.429,12192,False,235.97
4bb1c5,THY9YZ,Turkey,1789370434,19.1173,51.5123,11582.4,False,226.52
884213,BKP145,Thailand,1789370434,100.6759,13.0005,5661.66,False,193.99
7380c0,ELY023,Israel,1789370435,9.908,40.5434,11269.98,False,240.84
7380c5,ELY014,Israel,1789370434,-72.1084,41.8618,7239,False,281.02
7380c3,ELY009,Israel,1789370434,-3.8676,42.5179,11269.98,False,257.87
7380cb,ELY106,Israel,1789370434,-114.6316,36.5675,9174.48,False,286.84
73956b,HEZ121,Israel,1789370435,30.4001,34.239,10370.82,False,216.88
4bd91a,HMZ8360,Turkey,1789368885,42.8669,42.0099,10668,False,250.6
4bb323,THY5XV,Turkey,1789370434,16.0541,48.4771,10363.2,False,230.75
4bb322,THY3235,Turkey,1789370419,38.4021,39.9044,10363.2,False,212.8
4bb248,THY9XN,Turkey,1789370434,12.6661,57.7587,1859.28,False,132.1
4bb266,THY2VM,Turkey,1789370434,32.2114,37.0519,10668,False,244.59
4bb267,THY6VM,Turkey,1789370434,10.1028,47.7104,7299.96,False,202.65
4bb265,THY345,Turkey,1789370434,46.1358,41.3433,10355.58,False,229.08
4bb262,THY9SF,Turkey,1789370433,6.5182,40.6768,9753.6,False,225.76
4bb263,THY2WM,Turkey,1789370434,6.319,46.1668,4785.36,False,134.41
4bb261,THY9QD,Turkey,1789370435,18.3101,45.4564,10668,False,238.01
4bb245,THY7DZ,Turkey,1789370434,3.9925,51.6181,10363.2,False,212.77
4bb27a,THY9TJ,Turkey,1789370434,23.1476,40.8065,4808.22,False,205.96
738285,ISR881,Israel,1789370422,35.7192,38.5205,11269.98,False,257.51
738289,ISR249,Israel,1789370434,27.7199,37.224,10972.8,False,217.01
4bb295,TKJ3LB,Turkey,1789370434,28.1392,41.6336,8092.44,False,206.63
4bb296,TKJ1506,Turkey,1789370434,30.0015,39.0969,9418.32,False,231.3
4bb294,TKJ9ZV,Turkey,1789370435,17.9593,47.1726,10355.58,False,220.75
4bb292,THY3FN,Turkey,1789370434,-0.9796,40.8193,10668,False,245.43
4bb290,THY366,Turkey,1789370435,46.7626,40.9152,10066.02,False,235.89
4bb28a,THY1WN,Turkey,1789370434,4.0135,52.7369,9745.98,False,206.15
4bb276,THY145,Turkey,1789370435,29.4717,40.88,3878.58,False,144.02
4bb26f,THY1LZ,Turkey,1789370434,10.0025,53.6308,,True,2.31
4bb26d,THY2NQ,Turkey,1789370430,49.6782,27.0605,10058.4,False,246.3
4bb26c,THY5BE,Turkey,1789370432,25.0587,42.8706,8542.02,False,238.75
4bb279,THY9EB,Turkey,1789370434,12.1264,44.9203,5425.44,False,190.86
4bb289,THY3WE,Turkey,1789370434,-0.2262,40.9258,10675.62,False,246.42
4bb286,THY3HL,Turkey,1789370434,37.2083,34.3082,10370.82,False,213.21
4bb287,THY5CJ,Turkey,1789370434,29.3723,39.9183,9052.56,False,233.69
4bb284,THY5RN,Turkey,1789370434,11.1618,52.3105,5044.44,False,175.39
4bb282,THY3XJ,Turkey,1789369778,38.8413,41.7184,10378.44,False,219.56
4bb283,THY7WT,Turkey,1789370434,4.6787,49.663,7703.82,False,198.84
4bb1a3,THY59,Turkey,1789370434,42.0293,41.3852,11574.78,False,231.43
4bb1a4,THY3,Turkey,1789370434,5.5974,52.2049,10972.8,False,222.47
739602,HFA802,Israel,1789370434,34.1966,33.5658,3352.8,False,130.9
739605,HFA741,Israel,1789370434,35.019,32.8633,480.06,False,91.52
739604,HFA602,Israel,1789370435,35.1887,32.0823,3032.76,False,128
4bb0f4,THY2RC,Turkey,1789369171,26.9465,44.2614,7414.26,False,184.94
4bb0f5,THY162,Turkey,1789370434,100.9501,13.7181,12489.18,False,238.81
4bb0ee,THY2JS,Turkey,1789370434,12.887,51.5822,11887.2,False,283.09
4bb0ef,THY73G,Turkey,1789370435,11.5932,54.0418,10972.8,False,195.83
4bb0ed,THY056,Turkey,1789370434,98.9472,12.7794,11887.2,False,249.2
4bb0fa,THY216,Turkey,1789370434,22.2589,39.8848,11277.6,False,261.08
884364,,Thailand,1789370390,100.5615,14.9891,4259.58,False,130.04
4bb0e8,THY68,Turkey,1789370434,99.0565,15.1161,11391.9,False,240.31
4bb0e3,THY175,Turkey,1789370434,33.2386,36.902,12192,False,229.91
4bb0e4,THY172,Turkey,1789370434,95.7902,10.6573,12496.8,False,240.28
4bb0e1,THY1RT,Turkey,1789370434,1.9487,60.5027,12496.8,False,292.33
4bb208,THY1PE,Turkey,1789370299,5.0822,45.7168,,True,4.63
4bb206,THY2LP,Turkey,1789370434,24.1259,57.3977,10675.62,False,226.02
4bb207,THY80N,Turkey,1789370435,24.6699,41.9625,10058.4,False,248.95
4bb205,THY1YW,Turkey,1789370434,11.8904,37.4654,10370.82,False,231.04
4bb212,THY9CR,Turkey,1789370434,7.4734,44.0504,10668,False,254.12
738321,,Israel,1789370331,34.8965,31.9968,,True,19.03
4bb20a,THY6ZN,Turkey,1789370434,9.5851,45.1321,10363.2,False,233.83
4bb215,THY6ER,Turkey,1789370433,10.7213,40.8527,9738.36,False,235.86
4bb213,THY6DL,Turkey,1789370434,12.1545,48.9886,10355.58,False,211.69
4bb214,THY5EA,Turkey,1789370426,20.289,44.8256,,True,0
4bb20d,THY3PB,Turkey,1789370433,12.6491,55.6198,,True,10.8
4bb20e,THY4CK,Turkey,1789370434,17.7287,57.7781,8503.92,False,206.44
4bb20b,,Turkey,1789370433,18.4661,43.9183,2613.66,False,134.39
8830ea,TLM785,Thailand,1789370435,100.6091,14.1622,1356.36,False,115.78
8830e9,TLM373,Thailand,1789370421,114.1182,21.7705,6385.56,False,213.93
4bb144,THY90,Turkey,1789370434,114.4378,40.4879,10088.88,False,252.04
4bb141,THY88,Turkey,1789370434,115.6492,40.4325,3901.44,False,188.81
4bb109,THY164,Turkey,1789370433,101.3792,20.9256,11277.6,False,255.55
4bb105,THY49A,Turkey,1789370434,97.1738,10.0822,11887.2,False,251.85
4bb10c,THY801,Turkey,1789370433,27.3984,41.9796,7475.22,False,204.93
4bb187,THY125,Turkey,1789370435,80.3709,27.6325,11582.4,False,251.15
4bb188,THY89J,Turkey,1789370435,18.4686,53.7885,10363.2,False,245.23
4bb185,THY49Q,Turkey,1789370434,12.1948,52.9077,10363.2,False,205.24
4bb184,THY8MT,Turkey,1789370435,17.7294,49.4527,10355.58,False,242.56
4bb181,THY67C,Turkey,1789370434,6.0747,62.5039,10355.58,False,226.94
4bb155,THY6470,Turkey,1789370434,26.7511,41.0369,6560.82,False,219.21
4bb153,THY6597,Turkey,1789370431,29.296,41.2869,2636.52,False,140.97
4bb14f,THY6583,Turkey,1789370414,29.2947,41.2974,3611.88,False,153.83
4bb14d,THY6024,Turkey,1789370434,20.3511,46.7931,10668,False,259.73
4bb162,THY32W,Turkey,1789370021,30.319,40.3266,518.16,False,111.4
4bb19a,THY197,Turkey,1789370433,44.6017,41.5441,10972.8,False,243.61
4bb199,THY12E,Turkey,1789370435,18.7639,47.8701,11277.6,False,248.47
4bb196,THY310,Turkey,1789370433,99.8329,14.5024,11269.98,False,247.22
4bb194,THY91J,Turkey,1789370434,-4.7515,57.4359,11887.2,False,280.01
4bb192,THY89A,Turkey,1789370405,38.4094,33.0683,11574.78,False,242.96
4bb193,THY69W,Turkey,1789370434,9.0357,49.9379,10965.18,False,227.31
4bb190,THY300,Turkey,1789370432,115.5856,40.4295,11300.46,False,261.53
4bb18a,THY4KG,Turkey,1789370434,-58.4331,44.696,11582.4,False,224.52
7395af,4XHSG,Israel,1789370434,34.7412,31.963,144.78,False,37.27
4bd6ad,TCUUM,Turkey,1789370398,26.7943,39.4301,937.26,False,43.84
738446,AIZ322,Israel,1789370433,47.2759,40.4657,9281.16,False,246.75
4bb064,THY1297,Turkey,1789370434,1.1446,39.59,11277.6,False,247.63
4bb063,THY2CT,Turkey,1789370435,8.0568,50.9262,10363.2,False,219.08
4bb061,THY1MJ,Turkey,1789370434,13.1944,49.7103,10972.8,False,202.97
4bb02b,TKJ9SE,Turkey,1789370434,22.3096,45.3422,10972.8,False,210.2
4bb02a,TKJ9GT,Turkey,1789370434,21.548,44.2056,11582.4,False,213.06
88596c,TVJ132,Thailand,1789370435,100.0576,15.5459,10363.2,False,232.81
88596d,TVJ568,Thailand,1789370434,121.5073,25.2255,2956.56,False,145.25
88596a,TVJ325,Thailand,1789370434,100.7271,13.4387,3916.68,False,177.14
4bb072,THY8MC,Turkey,1789370434,31.3388,31.8003,10972.8,False,239.12
4bb070,THY5CS,Turkey,1789370434,8.9222,53.0499,342.9,False,72.09
4bb06f,THY77C,Turkey,1789370435,24.1381,36.5149,11277.6,False,247.04
4bb06c,THY8VP,Turkey,1789370434,30.9885,33.5171,10972.8,False,242.67
885972,TVJ2300,Thailand,1789370434,99.7614,11.4718,9753.6,False,232.02
885963,TVJ2303,Thailand,1789370435,100.4106,11.8039,10058.4,False,240.64
4b9907,FHY1547,Turkey,1789370435,27.7739,42.3881,10957.56,False,211.42
4b990c,FHY1303,Turkey,1789370435,22.924,43.8319,10965.18,False,211.36
4b8566,BKI604,Turkey,1789370434,17.4045,36.4805,13106.4,False,203.14
8832e8,TLM512,Thailand,1789370385,98.9668,18.7704,,True,3.09
8832cd,TLM394,Thailand,1789370434,140.7823,35.3543,3048,False,154.47
748051,MEA211,Lebanon,1789370434,19.0993,40.0106,11582.4,False,227.63
8832cb,TLM509,Thailand,1789370250,100.6396,13.9748,358.14,False,82.65
748026,MEA311,Lebanon,1789370435,36.4788,33.4419,8534.4,False,257.02
748025,MEA426,Lebanon,1789370433,54.3959,25.694,4724.4,False,180.2
4b9856,FHY8013,Turkey,1789370434,30.6738,36.8994,1729.74,False,138.69
4b8533,PGT967,Turkey,1789370434,17.4622,45.9563,11582.4,False,218.13
4bcd86,SXS4PL,Turkey,1789370435,24.2247,39.9674,10972.8,False,210.26
4bcd84,SXS3BN,Turkey,1789370434,23.251,41.7156,11582.4,False,221.33
4bcd83,SXS6UE,Turkey,1789370434,26.4465,43.3006,10363.2,False,210.79
4bcd82,SXS5LJ,Turkey,1789370420,29.3374,41.9529,11582.4,False,55.91
4bcd81,SXS4WY,Turkey,1789370434,17.6992,47.2212,10972.8,False,225.16
4bcd6c,,Turkey,1789370416,-0.3762,51.9443,7185.66,False,191.36
5082ef,MGH871,Ukraine,1789370434,29.078,42.2327,10363.2,False,216.3
4ba9ef,THY6130,Turkey,1789370432,31.6693,29.2375,10668,False,253.05
4ba9ce,THY575,Turkey,1789370434,17.328,38.2018,12496.8,False,262.33
4ba9cb,THY571,Turkey,1789370435,-16.4116,15.567,8839.2,False,230.9
4ba9cc,THY2EU,Turkey,1789369015,23.777,46.7172,11887.2,False,254.75
4ba9e1,THY1UC,Turkey,1789370434,3.6813,39.7508,12496.8,False,232.14
4ba9da,THY8GY,Turkey,1789370434,1.4542,39.6099,11887.2,False,248.16
4b8de5,CAI7E,Turkey,1789370211,27.9672,42.4597,11582.4,False,222.17
4b8de8,CAI5EK,Turkey,1789370434,22.7287,47.5706,9166.86,False,210.09
508341,UKL5014,Ukraine,1789370434,-84.1284,40.5013,4526.28,False,129.09
4ba9c9,THY52,Turkey,1789370434,102.5954,12.7439,9448.8,False,234.39
4ba9c5,THY4VH,Turkey,1789370329,13.5027,52.3569,,True,7.46
4ba9c8,THY7KF,Turkey,1789370434,16.6918,47.8502,1371.6,False,94.48
4ba9c2,THY1QG,Turkey,1789370435,9.6525,51.4336,12192,False,206.14
4ba9c4,THY4AX,Turkey,1789370434,17.0423,44.3743,12504.42,False,244.16
4ba9c3,THY1BX,Turkey,1789367150,22.6922,51.6536,11887.2,False,548.73
4ba9d4,THY38D,Turkey,1789370434,30.3795,39.0661,12009.12,False,232.83
4ba9d0,THY727,Turkey,1789370434,48.0867,41.0851,12192,False,230.57
4ba9a9,THY76W,Turkey,1789370374,28.7567,41.2591,68.58,False,71.52
4b8e45,PGT15UE,Turkey,1789370434,12.0288,48.4694,10668,False,254.25
4ba8c8,TKJ7FK,Turkey,1789365145,29.1421,42.316,10972.8,False,2048.36
4ba8c3,TKJ8AT,Turkey,1789370434,24.9807,41.0275,10972.8,False,207.35
4b8da4,TCCMD,Turkey,1789370433,30.2939,38.0601,6484.62,False,181.5
4ba955,THY54,Turkey,1789370434,93.3063,19.4893,10058.4,False,247.98
4ba952,THY2,Turkey,1789370434,16.6442,49.4873,10668,False,254.64
4ba94a,THY99D,Turkey,1789370432,-66.9128,46.5419,10058.4,False,293.14
4ba946,THY12,Turkey,1789370188,-62.6267,46.9404,10058.4,False,285.79
4ba976,TKJ3NX,Turkey,1789370192,29.1931,40.8443,563.88,False,84.67
4b8e04,PGT809M,Turkey,1789370434,30.8363,37.1809,3246.12,False,163.45
4b8e03,PGT56HA,Turkey,1789370434,22.3522,50.9179,11582.4,False,218.1
4b8e0b,PGT771,Turkey,1789370434,34.1861,38.6445,10363.2,False,222.73
508003,ADB3084,Ukraine,1789370434,11.3569,60.5078,2682.24,False,146.28
4ba913,THY8VN,Turkey,1789370434,7.3905,50.9409,822.96,False,91.58
4ba910,THY1VN,Turkey,1789370410,29.3743,41.4388,3360.42,False,136.96
4ba912,THY43A,Turkey,1789370434,7.7889,44.8836,2110.74,False,104.07
4ba90c,THY5FM,Turkey,1789370435,37.1661,34.3477,11277.6,False,245.63
4ba90e,THY9NS,Turkey,1789369805,25.7767,44.1046,11277.6,False,255.66
4ba91a,THY5UR,Turkey,1789370433,30.3956,40.926,7719.06,False,198.66
4ba904,TKJ341,Turkey,1789370434,29.059,40.6919,1554.48,False,119.57
880c45,AIQ3004,Thailand,1789370435,99.8576,11.3276,10652.76,False,222.9
4b8c4b,TRK25,Turkey,1789370130,7.5364,47.593,,True,0
880c4d,AIQ324,Thailand,1789370433,100.3248,13.2265,6865.62,False,212.47
880c4b,AIQ3142,Thailand,1789370435,99.2793,10.5205,8267.7,False,216.95
880c4a,AIQ3210,Thailand,1789370412,100.633,13.9628,297.18,False,74.6
4b9e4f,STW167,Turkey,1789367602,28.9471,42.3567,10363.2,False,222.08
4b9e4b,STW173,Turkey,1789370433,30.4645,39.6088,9685.02,False,238.3
886283,TAX606,Thailand,1789370434,120.1442,22.7344,11887.2,False,243.21
88628f,TAX1648,Thailand,1789369393,38.5246,41.1119,12192,False,219.97
886290,TAX613,Thailand,1789370420,101.1724,14.4895,4716.78,False,186.76
4bb848,PGT77BA,Turkey,1789370434,29.2854,40.7821,10988.04,False,224.55
4ba519,TCIHY,Turkey,1789370434,32.1926,37.0637,11277.6,False,258.87
4bb844,PGT40ZL,Turkey,1789370433,30.5226,40.3405,7924.8,False,155.84
4bb845,PGT71PZ,Turkey,1789369910,36.8741,41.0949,10347.96,False,206.32
4bb842,PGT52PJ,Turkey,,,,10408.92,False,10.8
4bb843,PGT37PD,Turkey,1789370434,16.629,47.9995,662.94,False,74.41
4bb84f,PGT558Q,Turkey,1789370434,12.6236,48.0396,9144,False,214.89
4bb84d,PGT1981,Turkey,1789370434,29.0901,40.9067,1882.14,False,132.79
4bb84b,PGT47KU,Turkey,1789370175,36.6361,37.224,10972.8,False,210.26
4bb885,TKJ15J,Turkey,1789370432,22.4045,43.2982,10370.82,False,210.45
4bb88f,TKJ7NZ,Turkey,1789370434,30.017,40.3369,6568.44,False,159.64
4bb868,PGT52X,Turkey,1789370434,12.8,51.3848,2247.9,False,113.25
4bb866,PGT1871,Turkey,1789370434,33.4914,35.1576,419.1,False,76.58
4bb867,PGT19T,Turkey,1789369772,29.143,42.411,10972.8,False,240.76
4bb864,PGT72XA,Turkey,1789370434,30.7792,36.802,548.64,False,81.24
4bb865,PGT838F,Turkey,1789370434,27.9715,37.1776,1554.48,False,81.55
4bb879,PGT497D,Turkey,1789370434,29.1397,40.8245,853.44,False,87.2
4bb876,PGT96TZ,Turkey,1789370434,10.6316,47.712,9060.18,False,221
4bb86f,PGT24BK,Turkey,1789370434,27.8622,37.6284,5463.54,False,181.25
4bb86e,PGT8NJ,Turkey,1789370432,16.5626,48.1154,,True,6.94
4bb86b,PGT907H,Turkey,1789370434,15.9948,47.0717,10363.2,False,231.92
4bb86c,,Turkey,1789370266,32.017,40.3653,10668,False,261.22
8850ae,THA671,Thailand,1789370432,123.0402,25.6253,12192,False,245.81
885113,THA476,Thailand,1789370346,113.3274,5.9984,11582.4,False,262.83
885102,THA416,Thailand,1789370433,100.773,13.7372,312.42,False,75.99
88510c,THA475,Thailand,1789370433,128.5572,-19.2681,11887.2,False,270.41
88510b,THA936,Thailand,1789370434,38.7274,41.094,12192,False,232.14
885115,THA614,Thailand,1789370400,116.5702,39.3915,2987.04,False,147.11
88517a,THA917,Thailand,1789370434,93.0325,19.6835,11887.2,False,249.93
885156,THA633,Thailand,1789370430,118.1599,22.2847,11582.4,False,243.83
885177,THA922,Thailand,1789370435,90.3068,21.4976,10363.2,False,262.39
885172,THA916,Thailand,1789370316,95.9276,19.6709,9753.6,False,12.87
88044d,AIQ511,Thailand,1789370285,103.6671,1.637,,True,0
880453,AIQ3425,Thailand,1789370422,99.0142,18.0187,4678.68,False,176.24
880452,AIQ3395,Thailand,1789370433,100.8502,14.4401,3124.2,False,153.59
880455,AIQ3146,Thailand,1789370434,99.7612,11.8968,7078.98,False,209.89
880450,AIQ3240,Thailand,1789370434,100.6798,14.0465,807.72,False,90.49
880443,AIQ641,Thailand,1789370434,100.62,14.3477,2308.86,False,135.14
738be7,MAHATZ,Israel,1789370434,34.8535,31.8012,906.78,False,49.09
4baac6,THY4UF,Turkey,1789370435,20.5629,45.9665,11887.2,False,245.77
4baad5,THY1LP,Turkey,1789370433,28.3697,41.9053,4244.34,False,170.94
4baad2,THY5HQ,Turkey,1789370434,22.8073,43.5427,11277.6,False,249.17
4baad0,THY4TU,Turkey,1789370312,6.2189,49.6337,,True,1.54
4baaca,THY511,Turkey,1789370434,30.8076,36.5393,11582.4,False,240.34
4baacb,THY7BM,Turkey,1789370435,32.0445,36.4137,2743.2,False,146.64
4baacf,THY1DM,Turkey,1789370435,28.9424,41.1861,3474.72,False,166.07
4bab2e,THY8CX,Turkey,1789370434,1.5949,39.6144,9037.32,False,240.81
4bab2c,THY5SY,Turkey,1789370433,21.3695,43.5638,10058.4,False,248.94
4bab53,TKJ1VA,Turkey,1789369689,35.8606,38.0883,10363.2,False,230.75
4baac3,THY1950,Turkey,1789370429,21.5286,45.4048,11887.2,False,241.22
88084f,AIQ496,Thailand,1789370434,114.189,22.6246,11308.08,False,241.06
880856,AIQ654,Thailand,1789370435,102.9354,12.5851,10066.02,False,228.02
880846,AIQ661,Thailand,1789370433,101.6897,12.852,10599.42,False,228.14
880848,AIQ3402,Thailand,1789370434,99.7863,12.6577,9044.94,False,238.74
880843,AIQ158,Thailand,1789370434,99.6605,16.2738,11582.4,False,227.47
88085a,AIQ3434,Thailand,1789370389,98.9651,18.7585,,True,4.63
4bab21,THY1AT,Turkey,1789364640,25.0116,59.8434,11277.6,False,0.77
4bab29,THY9FD,Turkey,1789370189,28.7568,41.2564,76.2,False,71.51
4bab25,THY639,Turkey,1789370433,13.6988,33.6053,5478.78,False,181.21
4bab24,THY1448,Turkey,1789370435,4.8428,40.9712,10972.8,False,217.53
4bab30,THY52U,Turkey,1789370434,8.8599,47.3564,6096,False,175.49
4bab2a,THY3AY,Turkey,1789366069,23.6049,46.8717,22.86,False,250.74
4baa44,THY1EM,Turkey,1789370434,22.571,51.1342,10363.2,False,225.14
4baa46,THY2AL,Turkey,1789370434,25.0627,56.0726,10660.38,False,231.94
4baa55,THY380,Turkey,1789370433,44.2605,41.9133,4892.04,False,196.75
4baa53,THY661,Turkey,1789370435,13.5922,37.1769,10355.58,False,217.04
4baa52,THY1SL,Turkey,1789370434,22.8687,52.1266,10668,False,223.28
4baa4d,THY9VT,Turkey,1789370434,11.3622,49.2439,2979.42,False,141.17
4baa4e,THY7RN,Turkey,1789370434,15.4057,42.4618,10050.78,False,252.63
4baa59,THY3026,Turkey,1789370434,24.788,40.0359,10980.42,False,217.91
4baa0b,THY7VL,Turkey,1789370434,31.7453,37.2846,10355.58,False,228.17
4baa88,THY39P,Turkey,1789370434,21.5477,44.0789,10668,False,254.99
4baa89,THY87X,Turkey,1789370403,28.7189,41.267,,True,12.86
4baa86,THY3CT,Turkey,1789370435,35.9166,31.7196,1196.34,False,110.71
4baa81,THY40H,Turkey,1789370326,28.7265,41.262,,True,10.29
4baa7a,THY7RS,Turkey,1789370434,7.5897,50.5399,8702.04,False,219.76
4baa95,TKJ2AZ,Turkey,1789370424,31.9765,39.2706,9662.16,False,265.77
4baa92,THY6EU,Turkey,1789370434,10.0276,48.6383,3345.18,False,141.26
4baa90,THY2XH,Turkey,1789370429,44.9624,41.6684,,True,0.64
4baa8f,THY7YP,Turkey,1789370390,28.7072,41.2741,30.48,False,54.02
4baa8e,THY3WQ,Turkey,1789370415,19.2597,47.4312,,True,0
4baa8c,THY8YU,Turkey,1789370435,26.0638,42.5052,10668,False,254.29
4baa66,THY3160,Turkey,1789370434,30.7181,38.6498,8656.32,False,220.47
4baa67,THY2YR,Turkey,1789370434,34.4975,35.2142,8290.56,False,233.3
4baa62,THY6XK,Turkey,1789370039,22.9478,52.6237,10058.4,False,928.57
4baa61,THY1GH,Turkey,1789370434,28.4547,41.9394,5996.94,False,170.13
4baa5a,THY1JR,Turkey,1789370434,23.0014,52.3156,10668,False,222.59
4baa69,THY8QE,Turkey,1789370434,28.7129,41.0121,868.68,False,103.92
4baa75,THY6JV,Turkey,1789370434,28.1459,40.619,8115.3,False,200.49
4baa73,THY9TE,Turkey,1789370434,5.0042,50.6723,10675.62,False,250.6
4baa74,,Turkey,1789370399,30.4638,41.9812,7376.16,False,252.05
4baa6f,THY3NU,Turkey,1789370419,28.7079,41.2381,160.02,False,71.52
4baa6d,THY3092,Turkey,1789370435,30.9799,38.5546,7749.54,False,237.08
4baa6c,THY2ZN,Turkey,1789370434,28.4975,41.0174,1089.66,False,137.39
4baa79,THY2FB,Turkey,1789370434,10.1024,49.5439,5836.92,False,180.49
4bbd09,TKJ6MR,Turkey,1789370190,34.485,39.1414,10972.8,False,216.41
4bbd08,TKJ9SH,Turkey,1789370434,30.2742,40.3313,5958.84,False,207.7
4bbd06,TKJ1YG,Turkey,1789370294,29.5632,41.1699,4899.66,False,184.14
4bbd04,TKJ6698,Turkey,1789370195,36.2526,39.1657,10972.8,False,210.6
4bbd03,TKJ8QP,Turkey,1789370434,14.7766,46.3857,10972.8,False,226.36
4bbd01,TKJ572,Turkey,1789370435,39.5028,41.0775,10972.8,False,211.17
4bbd1a,TKJ5HB,Turkey,1789370434,30.3876,40.3474,7551.42,False,167.29
4baa0a,THY4BQ,Turkey,1789370434,28.8312,41.0442,5402.58,False,173.71
4bbd14,TKJ85G,Turkey,1789370434,14.9494,49.9013,3467.1,False,154.35
4bbd13,TKJ1KE,Turkey,1789370434,19.6888,46.4649,10972.8,False,215.12
4bbd0a,TKJ6696,Turkey,1789370435,31.2238,40.2314,10104.12,False,214.11
4bcde9,SXS5CX,Turkey,1789370434,23.3563,45.1135,11582.4,False,216.79
4bcde7,SXS77Z,Turkey,1789370435,10.5571,47.7922,3238.5,False,131.93
4bcde6,SXS6HY,Turkey,1789370434,33.2901,36.8635,10972.8,False,210.94
4bcdf6,SXS8ZN,Turkey,1789370434,14.367,46.6963,10660.38,False,243.27
4bcdee,SXS9ZT,Turkey,1789370434,21.5505,43.9677,11277.6,False,257.02
4bcdec,SXS6MX,Turkey,1789370435,-0.41,51.9659,7094.22,False,185.54
4bcdef,SXS7XL,Turkey,1789370434,24.3383,40.4507,12496.8,False,245.91
4bcdba,SXS4EC,Turkey,1789370434,26.2656,39.1569,8298.18,False,235.62
4bcdd2,SXS73E,Turkey,1789370397,27.3156,38.1251,1973.58,False,136.01
4bcdd5,SXS8UH,Turkey,1789370434,21.2365,45.8993,11574.78,False,212.72
4bcde5,SXS6HK,Turkey,1789370432,8.557,50.035,,True,4.63
4bcde4,SXS8GA,Turkey,1789370434,17.1644,45.2436,11582.4,False,217.46
4bcde3,SXS5NW,Turkey,1789370435,14.4088,50.6401,6461.76,False,236.11
4bbb30,OYA5510,Turkey,1789370434,15.6713,32.8083,9898.38,False,256.21
4bce61,KOC02,Turkey,1789370434,29.6938,40.106,7840.98,False,219.51
4bce43,SXS9LQ,Turkey,1789370434,11.8814,52.7191,8801.1,False,163.97
4bce47,SXS5AR,Turkey,1789370434,29.7817,40.397,10972.8,False,232.92
4bce45,SXS4QE,Turkey,1789370435,11.5882,52.024,7970.52,False,198.43
4bcda9,SXS4TM,Turkey,1789370433,18.2622,44.26,11277.6,False,244.95
4bcda4,SXS2,Turkey,1789370434,14.2725,46.0729,5227.32,False,173.5
4bcdaa,SXS3FR,Turkey,1789370434,20.6913,44.6572,11277.6,False,253.71
4bcdb6,SXS3RT,Turkey,1789370434,11.941,48.1527,9753.6,False,224.18
4bcdae,SXS6VQ,Turkey,1789370434,7.4905,47.6454,350.52,False,74.78
4bcdac,SXS6MX,Turkey,,,,,False,185.19
4bcdab,SXS2VN,Turkey,1789370433,28.5733,41.7385,10972.8,False,225.22
4bcca9,SXS46A,Turkey,1789370433,20.3041,43.9357,11277.6,False,249.63
4bccaa,SXS6RQ,Turkey,1789370434,30.8812,37.0546,2004.06,False,143.2
4bccb9,SXS6FT,Turkey,1789370434,14.8258,48.2715,11277.6,False,246.62
4bce0f,SXS8RG,Turkey,1789369390,29.3504,41.9682,11186.16,False,56.14
4bce0e,SXS75G,Turkey,1789370435,26.0298,39.2483,9646.92,False,231.86
4bce0d,SXS9UK,Turkey,1789370434,20.9798,44.8658,11887.2,False,244.24
4bce0a,SXS87M,Turkey,1789370435,22.9226,45.5674,11277.6,False,253.43
4bce1a,SXS6EG,Turkey,1789370433,30.6871,38.4078,9098.28,False,240.41
4bce08,SXS4MB,Turkey,1789370434,10.4737,49.8593,10972.8,False,204.89
4bce05,SXS8LW,Turkey,1789370434,19.3871,44.2386,10668,False,252.86
4bce04,SXS203,Turkey,1789370434,34.1461,35.6792,10972.8,False,231.66
4bce03,SXS1MG,Turkey,1789370434,19.3692,46.4856,11582.4,False,209.7
4bce10,SXS2VP,Turkey,1789370434,14.7837,50.3999,11277.6,False,262.91
4bce19,SXS209,Turkey,1789370434,30.8951,36.6811,1470.66,False,107.05
4bce16,SXS3CA,Turkey,1789370434,12.5933,47.7374,11887.2,False,251.61
4bce15,SXS8JX,Turkey,1789370434,29.5587,40.7353,10972.8,False,220.38
4bce13,SXS2JG,Turkey,1789370434,0.7042,52.0387,2118.36,False,131.18
4bce12,SXS1440,Turkey,1789370435,26.1801,38.3694,7071.36,False,211.31
748063,MEA201,Lebanon,1789370434,24.8465,43.969,9753.6,False,216.05
0102a9,,Egypt,1789370297,37.4073,36.7277,10675.62,False,227.26
4b82e1,TURNA64,Turkey,1789370423,30.4713,34.392,4724.4,False,90.73
0102ac,NMA445,Egypt,1789370434,35.0998,29.5624,9144,False,211.54
4b8344,MARTI34,Turkey,1789370435,29.9465,39.7571,5791.2,False,129.24
01024b,MSC2921,Egypt,1789370435,8.5577,47.4586,320.04,True,6.94
01024c,MSC884,Egypt,1789370341,48.8291,41.5726,10965.18,False,229.01
01024e,MSC3117,Egypt,1789370435,-6.8158,41.4874,9349.74,False,258.14
010262,,Egypt,,,,,False,220.16
010255,RBG542,Egypt,1789370434,25.4557,35.414,10972.8,False,213.68
01023c,MSC3614,Egypt,1789370434,21.9568,47.2056,10660.38,False,250.41
01023b,RSX338,Egypt,1789370423,22.4767,49.6076,10668,False,241.75
01023e,MSC652,Egypt,1789370435,27.8929,34.4965,10058.4,False,240.3
01023f,RSX338,Egypt,1789370434,22.4678,49.5864,10668,False,242.25
010250,LMU668,Egypt,1789370427,32.5778,28.5098,9342.12,False,227.72
4b8399,0000,Turkey,1789370435,27.2808,37.4257,5501.64,False,46.99
010248,NIA6102,Egypt,1789370434,24.4704,37.2707,10668,False,253.55
881051,NOK127,Thailand,1789370433,98.9661,18.7706,,True,4.12
01026f,MSC960,Egypt,1789370425,32.2009,29.5579,9753.6,False,233.9
01026e,MSC998,Egypt,1789370161,31.9851,29.6472,1958.34,False,146.58
881055,NOK574,Thailand,1789370434,99.6822,11.0832,10614.66,False,221.13
881054,NOK524,Thailand,1789370434,100.4024,13.7763,2034.54,False,147.58
010280,NMA1471,Egypt,1789370431,37.394,36.6447,11269.98,False,228.15
010281,LMU722,Egypt,1789370434,42.8601,41.4137,10363.2,False,224.71
010284,NMA611,Egypt,,,,11269.98,False,1196.38
010274,NMA601,Egypt,1789370434,22.6494,45.3871,10668,False,260.82
010277,SVI1112,Egypt,1789370434,24.911,34.6829,11269.98,False,249.16
010278,NMA643,Egypt,1789370416,21.6148,49.3426,10675.62,False,237.88
010273,MSC303,Egypt,1789370252,28.7331,41.2695,,True,6.94
010265,MSC2976,Egypt,1789370434,27.8951,36.5022,10972.8,False,214.75
010206,MSR783,Egypt,1789370434,2.0908,50.0301,10972.8,False,212.8
010208,MSR974,Egypt,1789370434,74.9779,28.503,7574.28,False,249.84
01022b,MSC452,Egypt,1789370222,29.7118,30.9,76.2,False,75.12
01022d,MSC3107,Egypt,1789370426,19.0526,36.3829,10980.42,False,220.76
010237,NMA8007,Egypt,1789370317,30.4542,30.9611,6515.1,False,227.29
01028a,MSR985,Egypt,1789370435,-2.0715,40.1734,11277.6,False,260.68
01027d,MSR651,Egypt,1789370354,35.673,29.5786,10660.38,False,249.56
010285,PYR013,Egypt,,,,,False,664.82
010287,NMA8001,Egypt,1789370433,29.5031,31.4494,7520.94,False,241.61
010289,MSR983,Egypt,1789370434,24.7177,39.4721,10363.2,False,244.33
01027c,NMA643,Egypt,1789370434,21.6193,49.3058,10675.62,False,237.88
0101fa,RBG328,Egypt,1789370345,32.7488,29.1813,8572.5,False,200.3
0101de,MSR987,Egypt,1789370434,-8.7122,41.781,11277.6,False,258.5
0101c9,SUCCF,Egypt,1789370399,32.107,31.6586,441.96,False,75.83
0101b9,MSR709,Egypt,1789370299,35.4636,34.1131,1211.58,False,117.78
4bd156,CAI9441,Turkey,1789370435,23.8139,46.6037,3886.2,False,181.33
4bd152,CAI9744,Turkey,1789370051,48.6831,41.4958,11277.6,False,241.84
881424,AIQ356,Thailand,1789370232,103.1476,4.0765,10919.46,False,235.77
88140a,MT303,Thailand,1789370435,99.8572,14.248,1866.9,False,124.68
881408,MTNG305,Thailand,1789370386,99.9555,13.3069,2461.26,False,128.34
881406,MTNG302,Thailand,1789370432,99.9528,13.5963,2484.12,False,143.13
885b50,TVJ567,Thailand,1789370426,121.2429,25.08,,True,0
885b48,TVJ106,Thailand,1789370435,100.537,13.6632,3421.38,False,132.92
885b43,TVJ961,Thailand,1789370427,103.0138,14.7544,9144,False,253.68
885b41,TVJ105,Thailand,1789370434,100.2256,15.6497,9791.7,False,236.42
010144,MSR728,Egypt,1789370434,25.3923,39.4759,11277.6,False,246.52
01010c,MSR2753,Egypt,1789370433,24.6068,34.1624,10972.8,False,208.12
01010d,MSR720,Egypt,1789370420,32.0528,29.7425,4526.28,False,235.58
4b9067,PGT1853,Turkey,1789370385,34.2196,36.5198,4572,False,186.11
4b9065,PGT3440,Turkey,1789370397,27.1378,38.3941,1104.9,False,138.42
